estimator,framework,actual_framework,data_size,true_hurst,estimated_hurst,accuracy,relative_error,method_used,creation_time,estimation_time,total_time,success,error
R/S,numpy,numpy,500,0.3,0.1919425659785298,0.1080574340214702,0.360191446738234,numpy,2.2649765014648438e-05,0.00790262222290039,0.007925271987915039,True,
R/S,numpy,numpy,500,0.5,1.0361497009389233,0.5361497009389233,1.0722994018778467,numpy,8.344650268554688e-06,0.005821704864501953,0.005830049514770508,True,
R/S,numpy,numpy,500,0.7,0.824581406580082,0.1245814065800821,0.17797343797154586,numpy,1.3828277587890625e-05,0.006922483444213867,0.006936311721801758,True,
R/S,numpy,numpy,500,0.9,0.9317284085003419,0.031728408500341865,0.03525378722260207,numpy,1.9788742065429688e-05,0.0072765350341796875,0.007296323776245117,True,
R/S,numpy,numpy,1000,0.3,0.16862435069595513,0.13137564930404486,0.4379188310134829,numpy,8.821487426757812e-06,0.012157678604125977,0.012166500091552734,True,
R/S,numpy,numpy,1000,0.5,1.0217031043893599,0.5217031043893599,1.0434062087787197,numpy,6.198883056640625e-06,0.009895801544189453,0.009902000427246094,True,
R/S,numpy,numpy,1000,0.7,0.7819659008667221,0.08196590086672217,0.1170941440953174,numpy,8.58306884765625e-06,0.011559486389160156,0.011568069458007812,True,
R/S,numpy,numpy,1000,0.9,0.8799295880784271,0.020070411921572884,0.022300457690636537,numpy,8.58306884765625e-06,0.011296749114990234,0.01130533218383789,True,
R/S,numpy,numpy,2000,0.3,0.16102203030612283,0.13897796969387716,0.4632598989795905,numpy,8.344650268554688e-06,0.020252466201782227,0.02026081085205078,True,
R/S,numpy,numpy,2000,0.5,1.0084173281643054,0.5084173281643054,1.0168346563286108,numpy,8.344650268554688e-06,0.016026973724365234,0.01603531837463379,True,
R/S,numpy,numpy,2000,0.7,0.7195958534178944,0.019595853417894493,0.02799407631127785,numpy,1.0967254638671875e-05,0.02043890953063965,0.02044987678527832,True,
R/S,numpy,numpy,2000,0.9,0.8695295078590684,0.03047049214093167,0.033856102378812966,numpy,9.5367431640625e-06,0.02085280418395996,0.020862340927124023,True,
R/S,numba,numba,500,0.3,0.19194260670936594,0.10805739329063405,0.36019131096878015,numba,9.059906005859375e-06,0.7426426410675049,0.7426517009735107,True,
R/S,numba,numba,500,0.5,1.0279124720318884,0.5279124720318884,1.0558249440637768,numba,8.106231689453125e-06,0.00460362434387207,0.0046117305755615234,True,
R/S,numba,numba,500,0.7,0.8245813915447577,0.12458139154475778,0.17797341649251114,numba,7.867813110351562e-06,0.001125335693359375,0.0011332035064697266,True,
R/S,numba,numba,500,0.9,0.9317283803771542,0.0317283803771542,0.035253755974615775,numba,9.775161743164062e-06,0.0006873607635498047,0.0006971359252929688,True,
R/S,numba,numba,1000,0.3,0.1686243449764613,0.13137565502353868,0.43791885007846226,numba,1.1682510375976562e-05,0.0009987354278564453,0.0010104179382324219,True,
R/S,numba,numba,1000,0.5,1.023742349811926,0.523742349811926,1.047484699623852,numba,5.4836273193359375e-06,0.0004818439483642578,0.00048732757568359375,True,
R/S,numba,numba,1000,0.7,0.7819659028112809,0.08196590281128091,0.11709414687325845,numba,8.106231689453125e-06,0.0007495880126953125,0.0007576942443847656,True,
R/S,numba,numba,1000,0.9,0.8799295531272532,0.02007044687274684,0.022300496525274265,numba,2.1457672119140625e-05,0.000827789306640625,0.0008492469787597656,True,
R/S,numba,numba,2000,0.3,0.16102195892898818,0.1389780410710118,0.4632601369033727,numba,9.298324584960938e-06,0.0009217262268066406,0.0009310245513916016,True,
R/S,numba,numba,2000,0.5,1.0061778045318488,0.5061778045318488,1.0123556090636976,numba,6.4373016357421875e-06,0.0008971691131591797,0.0009036064147949219,True,
R/S,numba,numba,2000,0.7,0.7195958897633794,0.019595889763379448,0.027994128233399213,numba,8.106231689453125e-06,0.0009171962738037109,0.0009253025054931641,True,
R/S,numba,numba,2000,0.9,0.8695294803232201,0.03047051967677994,0.03385613297419993,numba,1.2159347534179688e-05,0.0012481212615966797,0.0012602806091308594,True,
R/S,jax,jax,500,0.3,0.1919425763712515,0.10805742362874848,0.3601914120958283,jax,2.09808349609375e-05,5.151709079742432,5.151730060577393,True,
R/S,jax,jax,500,0.5,1.0165375468201732,0.5165375468201732,1.0330750936403463,jax,6.9141387939453125e-06,0.3022937774658203,0.30230069160461426,True,
R/S,jax,jax,500,0.7,0.8245813761951085,0.12458137619510856,0.1779733945644408,jax,1.049041748046875e-05,0.3009033203125,0.30091381072998047,True,
R/S,jax,jax,500,0.9,0.931728446973316,0.031728446973316005,0.03525382997035111,jax,8.58306884765625e-06,0.2867088317871094,0.28671741485595703,True,
R/S,jax,jax,1000,0.3,0.16862441706727097,0.13137558293272902,0.4379186097757634,jax,2.002716064453125e-05,4.205465316772461,4.2054853439331055,True,
R/S,jax,jax,1000,0.5,1.0266907738772664,0.5266907738772664,1.0533815477545327,jax,5.0067901611328125e-06,0.39797210693359375,0.3979771137237549,True,
R/S,jax,jax,1000,0.7,0.7819659452381088,0.08196594523810885,0.11709420748301265,jax,8.821487426757812e-06,0.3787674903869629,0.37877631187438965,True,
R/S,jax,jax,1000,0.9,0.8799296002154777,0.020070399784522297,0.022300444205024774,jax,8.106231689453125e-06,0.4100041389465332,0.41001224517822266,True,
R/S,jax,jax,2000,0.3,0.16102202945036886,0.13897797054963112,0.46325990183210375,jax,9.775161743164062e-06,4.678189039230347,4.67819881439209,True,
R/S,jax,jax,2000,0.5,1.0264781711955533,0.5264781711955533,1.0529563423911066,jax,7.62939453125e-06,0.6637420654296875,0.6637496948242188,True,
R/S,jax,jax,2000,0.7,0.7195959210404056,0.01959592104040564,0.027994172914865202,jax,7.152557373046875e-06,0.6957697868347168,0.6957769393920898,True,
R/S,jax,jax,2000,0.9,0.8695295108303248,0.030470489169675208,0.0338560990774169,jax,7.3909759521484375e-06,0.6475553512573242,0.6475627422332764,True,
DFA,numpy,numpy,500,0.3,0.016708137775260225,0.2832918622247398,0.9443062074157993,numpy,1.2874603271484375e-05,0.012301921844482422,0.012314796447753906,True,
DFA,numpy,numpy,500,0.5,0.49738553889376297,0.0026144611062370315,0.005228922212474063,numpy,8.344650268554688e-06,0.011790037155151367,0.011798381805419922,True,
DFA,numpy,numpy,500,0.7,0.13711710106932254,0.5628828989306774,0.804118427043825,numpy,2.002716064453125e-05,0.012273550033569336,0.012293577194213867,True,
DFA,numpy,numpy,500,0.9,0.44108461918324254,0.4589153808167575,0.5099059786852861,numpy,7.867813110351562e-06,0.012250185012817383,0.012258052825927734,True,
DFA,numpy,numpy,1000,0.3,0.01254394143746472,0.28745605856253525,0.9581868618751176,numpy,2.0503997802734375e-05,0.0215146541595459,0.021535158157348633,True,
DFA,numpy,numpy,1000,0.5,0.5304967589441762,0.03049675894417625,0.0609935178883525,numpy,1.0967254638671875e-05,0.019947528839111328,0.01995849609375,True,
DFA,numpy,numpy,1000,0.7,0.11875893140432353,0.5812410685956764,0.8303443837081091,numpy,8.106231689453125e-06,0.019356250762939453,0.019364356994628906,True,
DFA,numpy,numpy,1000,0.9,0.3565285343525786,0.5434714656474214,0.6038571840526905,numpy,1.811981201171875e-05,0.02359628677368164,0.02361440658569336,True,
DFA,numpy,numpy,2000,0.3,0.01284895520702319,0.2871510447929768,0.9571701493099227,numpy,1.9550323486328125e-05,0.03643178939819336,0.03645133972167969,True,
DFA,numpy,numpy,2000,0.5,0.5758640843997278,0.0758640843997278,0.1517281687994556,numpy,5.4836273193359375e-06,0.03432822227478027,0.03433370590209961,True,
DFA,numpy,numpy,2000,0.7,0.08917476889677044,0.6108252311032295,0.8726074730046136,numpy,1.2636184692382812e-05,0.03525710105895996,0.035269737243652344,True,
DFA,numpy,numpy,2000,0.9,0.10128987513005903,0.798710124869941,0.8874556942999344,numpy,1.7881393432617188e-05,0.03441166877746582,0.03442955017089844,True,
DFA,numba,numba,500,0.3,0.016708137775260225,0.2832918622247398,0.9443062074157993,numpy,1.2636184692382812e-05,0.011970996856689453,0.011983633041381836,True,
DFA,numba,numba,500,0.5,0.5100481014465168,0.0100481014465168,0.0200962028930336,numpy,7.152557373046875e-06,0.012879133224487305,0.012886285781860352,True,
DFA,numba,numba,500,0.7,0.13711710106932254,0.5628828989306774,0.804118427043825,numpy,1.4066696166992188e-05,0.013437032699584961,0.013451099395751953,True,
DFA,numba,numba,500,0.9,0.44108461918324254,0.4589153808167575,0.5099059786852861,numpy,9.5367431640625e-06,0.013817310333251953,0.013826847076416016,True,
DFA,numba,numba,1000,0.3,0.01254394143746472,0.28745605856253525,0.9581868618751176,numpy,1.0251998901367188e-05,0.021103858947753906,0.021114110946655273,True,
DFA,numba,numba,1000,0.5,0.42564508986790284,0.07435491013209716,0.14870982026419433,numpy,8.106231689453125e-06,0.020214319229125977,0.02022242546081543,True,
DFA,numba,numba,1000,0.7,0.11875893140432353,0.5812410685956764,0.8303443837081091,numpy,1.7881393432617188e-05,0.022430419921875,0.022448301315307617,True,
DFA,numba,numba,1000,0.9,0.3565285343525786,0.5434714656474214,0.6038571840526905,numpy,1.33514404296875e-05,0.019566774368286133,0.01958012580871582,True,
DFA,numba,numba,2000,0.3,0.01284895520702319,0.2871510447929768,0.9571701493099227,numpy,1.0967254638671875e-05,0.03347349166870117,0.033484458923339844,True,
DFA,numba,numba,2000,0.5,0.5639276018980606,0.06392760189806057,0.12785520379612114,numpy,6.198883056640625e-06,0.03233003616333008,0.03233623504638672,True,
DFA,numba,numba,2000,0.7,0.08917476889677044,0.6108252311032295,0.8726074730046136,numpy,8.344650268554688e-06,0.03451895713806152,0.03452730178833008,True,
DFA,numba,numba,2000,0.9,0.10128987513005903,0.798710124869941,0.8874556942999344,numpy,1.3828277587890625e-05,0.03507089614868164,0.03508472442626953,True,
DFA,jax,jax,500,0.3,0.016708137775260225,0.2832918622247398,0.9443062074157993,numpy,1.239776611328125e-05,0.01234889030456543,0.012361288070678711,True,
DFA,jax,jax,500,0.5,0.4890936223440802,0.010906377655919786,0.02181275531183957,numpy,1.7642974853515625e-05,0.011976957321166992,0.011994600296020508,True,
DFA,jax,jax,500,0.7,0.13711710106932254,0.5628828989306774,0.804118427043825,numpy,2.1457672119140625e-05,0.012538671493530273,0.012560129165649414,True,
DFA,jax,jax,500,0.9,0.44108461918324254,0.4589153808167575,0.5099059786852861,numpy,2.09808349609375e-05,0.012242555618286133,0.01226353645324707,True,
DFA,jax,jax,1000,0.3,0.01254394143746472,0.28745605856253525,0.9581868618751176,numpy,1.430511474609375e-05,0.01987171173095703,0.019886016845703125,True,
DFA,jax,jax,1000,0.5,0.557593820200379,0.05759382020037895,0.1151876404007579,numpy,6.9141387939453125e-06,0.019138336181640625,0.01914525032043457,True,
DFA,jax,jax,1000,0.7,0.11875893140432353,0.5812410685956764,0.8303443837081091,numpy,1.6450881958007812e-05,0.019885540008544922,0.01990199089050293,True,
DFA,jax,jax,1000,0.9,0.3565285343525786,0.5434714656474214,0.6038571840526905,numpy,1.0967254638671875e-05,0.019843101501464844,0.019854068756103516,True,
DFA,jax,jax,2000,0.3,0.01284895520702319,0.2871510447929768,0.9571701493099227,numpy,1.049041748046875e-05,0.03426790237426758,0.03427839279174805,True,
DFA,jax,jax,2000,0.5,0.4897772644278949,0.010222735572105124,0.020445471144210248,numpy,6.9141387939453125e-06,0.03216361999511719,0.03217053413391113,True,
DFA,jax,jax,2000,0.7,0.08917476889677044,0.6108252311032295,0.8726074730046136,numpy,9.298324584960938e-06,0.03346514701843262,0.03347444534301758,True,
DFA,jax,jax,2000,0.9,0.10128987513005903,0.798710124869941,0.8874556942999344,numpy,9.298324584960938e-06,0.03343534469604492,0.03344464302062988,True,
Higuchi,numpy,numpy,500,0.3,0.8920438529654287,0.5920438529654286,1.9734795098847622,numpy,2.8133392333984375e-05,0.0024077892303466797,0.002435922622680664,True,
Higuchi,numpy,numpy,500,0.5,1.4186976656378092,0.9186976656378092,1.8373953312756184,numpy,9.5367431640625e-06,0.0022916793823242188,0.0023012161254882812,True,
Higuchi,numpy,numpy,500,0.7,0.9385777257888279,0.23857772578882797,0.34082532255546855,numpy,1.049041748046875e-05,0.0023412704467773438,0.0023517608642578125,True,
Higuchi,numpy,numpy,500,0.9,1.150409004538556,0.25040900453855597,0.2782322272650622,numpy,1.6450881958007812e-05,0.0028891563415527344,0.002905607223510742,True,
Higuchi,numpy,numpy,1000,0.3,0.9072823648974497,0.6072823648974497,2.024274549658166,numpy,8.58306884765625e-06,0.004810810089111328,0.004819393157958984,True,
Higuchi,numpy,numpy,1000,0.5,1.332210008759269,0.832210008759269,1.664420017518538,numpy,1.0967254638671875e-05,0.005165576934814453,0.005176544189453125,True,
Higuchi,numpy,numpy,1000,0.7,0.9487891661957781,0.24878916619577818,0.35541309456539744,numpy,1.0728836059570312e-05,0.005045890808105469,0.005056619644165039,True,
Higuchi,numpy,numpy,1000,0.9,1.1259477890720435,0.2259477890720435,0.2510530989689372,numpy,8.344650268554688e-06,0.00532841682434082,0.005336761474609375,True,
Higuchi,numpy,numpy,2000,0.3,0.9124023315198284,0.6124023315198284,2.0413411050660946,numpy,8.344650268554688e-06,0.010393381118774414,0.010401725769042969,True,
Higuchi,numpy,numpy,2000,0.5,1.44696930233856,0.9469693023385599,1.8939386046771198,numpy,9.5367431640625e-06,0.010662317276000977,0.010671854019165039,True,
Higuchi,numpy,numpy,2000,0.7,0.947860799421858,0.247860799421858,0.35408685631694004,numpy,1.0013580322265625e-05,0.010201454162597656,0.010211467742919922,True,
Higuchi,numpy,numpy,2000,0.9,0.9980213709090782,0.09802137090907814,0.10891263434342016,numpy,1.811981201171875e-05,0.010178327560424805,0.010196447372436523,True,
Higuchi,numba,numba,500,0.3,0.8920438529654287,0.5920438529654286,1.9734795098847622,numba,9.5367431640625e-06,0.7264134883880615,0.7264230251312256,True,
Higuchi,numba,numba,500,0.5,1.4850475107210293,0.9850475107210293,1.9700950214420585,numba,1.4543533325195312e-05,0.9525136947631836,0.9525282382965088,True,
Higuchi,numba,numba,500,0.7,0.9385777257888279,0.23857772578882797,0.34082532255546855,numba,1.7642974853515625e-05,0.751708984375,0.7517266273498535,True,
Higuchi,numba,numba,500,0.9,1.150409004538556,0.25040900453855597,0.2782322272650622,numba,1.0013580322265625e-05,0.7515983581542969,0.7516083717346191,True,
Higuchi,numba,numba,1000,0.3,0.9072823648974497,0.6072823648974497,2.024274549658166,numba,1.0013580322265625e-05,0.8494186401367188,0.849428653717041,True,
Higuchi,numba,numba,1000,0.5,1.5367282472735877,1.0367282472735877,2.0734564945471754,numba,5.7220458984375e-06,0.844367504119873,0.8443732261657715,True,
Higuchi,numba,numba,1000,0.7,0.9487891661957781,0.24878916619577818,0.35541309456539744,numba,7.62939453125e-06,1.149108648300171,1.1491162776947021,True,
Higuchi,numba,numba,1000,0.9,1.1259477890720435,0.2259477890720435,0.2510530989689372,numba,1.0013580322265625e-05,0.9053483009338379,0.9053583145141602,True,
Higuchi,numba,numba,2000,0.3,0.9124023315198284,0.6124023315198284,2.0413411050660946,numba,2.4318695068359375e-05,1.0304651260375977,1.030489444732666,True,
Higuchi,numba,numba,2000,0.5,1.3274531041114799,0.8274531041114799,1.6549062082229598,numba,7.152557373046875e-06,1.021131992340088,1.021139144897461,True,
Higuchi,numba,numba,2000,0.7,0.947860799421858,0.247860799421858,0.35408685631694004,numba,1.049041748046875e-05,1.0072863101959229,1.0072968006134033,True,
Higuchi,numba,numba,2000,0.9,0.9980213709090782,0.09802137090907814,0.10891263434342016,numba,8.106231689453125e-06,1.2973253726959229,1.2973334789276123,True,
Higuchi,jax,jax,500,0.3,0.8920438397323132,0.5920438397323131,1.973479465774377,jax,8.106231689453125e-06,0.06348371505737305,0.0634918212890625,True,
Higuchi,jax,jax,500,0.5,1.4186678535426716,0.9186678535426716,1.837335707085343,jax,9.059906005859375e-06,0.015100717544555664,0.015109777450561523,True,
Higuchi,jax,jax,500,0.7,0.938577715151709,0.238577715151709,0.34082530735958433,jax,8.344650268554688e-06,0.012523412704467773,0.012531757354736328,True,
Higuchi,jax,jax,500,0.9,1.1504090012306094,0.2504090012306094,0.27823222358956595,jax,9.059906005859375e-06,0.013301849365234375,0.013310909271240234,True,
Higuchi,jax,jax,1000,0.3,0.9072823507919554,0.6072823507919554,2.024274502639851,jax,7.867813110351562e-06,0.01929616928100586,0.01930403709411621,True,
Higuchi,jax,jax,1000,0.5,1.3905085447272527,0.8905085447272527,1.7810170894545054,jax,5.7220458984375e-06,0.01825571060180664,0.018261432647705078,True,
Higuchi,jax,jax,1000,0.7,0.9487891622178712,0.24878916221787128,0.3554130888826733,jax,8.58306884765625e-06,0.020373106002807617,0.020381689071655273,True,
Higuchi,jax,jax,1000,0.9,1.1259477818840185,0.22594778188401843,0.2510530909822427,jax,6.9141387939453125e-06,0.019020557403564453,0.0190274715423584,True,
Higuchi,jax,jax,2000,0.3,0.9124023154337442,0.6124023154337441,2.041341051445814,jax,9.298324584960938e-06,0.02832341194152832,0.02833271026611328,True,
Higuchi,jax,jax,2000,0.5,1.4810360652857146,0.9810360652857146,1.9620721305714293,jax,5.245208740234375e-06,0.025873422622680664,0.0258786678314209,True,
Higuchi,jax,jax,2000,0.7,0.9478608077602693,0.2478608077602693,0.3540868682289562,jax,1.2874603271484375e-05,0.029292583465576172,0.029305458068847656,True,
Higuchi,jax,jax,2000,0.9,0.9980213650866212,0.09802136508662118,0.10891262787402353,jax,1.049041748046875e-05,0.027912616729736328,0.027923107147216797,True,
DMA,numpy,numpy,500,0.3,0.012878768528368676,0.2871212314716313,0.9570707715721044,numpy,1.1205673217773438e-05,0.0008990764617919922,0.0009102821350097656,True,
DMA,numpy,numpy,500,0.5,0.25681237001143564,0.24318762998856436,0.4863752599771287,numpy,5.9604644775390625e-06,0.0006589889526367188,0.0006649494171142578,True,
DMA,numpy,numpy,500,0.7,0.06818194263299968,0.6318180573670003,0.9025972248100004,numpy,1.1444091796875e-05,0.0008616447448730469,0.0008730888366699219,True,
DMA,numpy,numpy,500,0.9,0.2059419280790711,0.6940580719209289,0.7711756354676989,numpy,1.239776611328125e-05,0.0007946491241455078,0.0008070468902587891,True,
DMA,numpy,numpy,1000,0.3,0.01677321276017118,0.2832267872398288,0.9440892907994294,numpy,1.8596649169921875e-05,0.0010104179382324219,0.0010290145874023438,True,
DMA,numpy,numpy,1000,0.5,0.646700336446299,0.14670033644629898,0.29340067289259797,numpy,4.5299530029296875e-06,0.0008671283721923828,0.0008716583251953125,True,
DMA,numpy,numpy,1000,0.7,0.0701162851343769,0.6298837148656231,0.8998338783794616,numpy,1.5735626220703125e-05,0.0012750625610351562,0.0012907981872558594,True,
DMA,numpy,numpy,1000,0.9,0.23114430425802063,0.6688556957419793,0.7431729952688659,numpy,1.0013580322265625e-05,0.0008752346038818359,0.0008852481842041016,True,
DMA,numpy,numpy,2000,0.3,0.007935948126051626,0.29206405187394835,0.9735468395798279,numpy,1.7404556274414062e-05,0.0013167858123779297,0.0013341903686523438,True,
DMA,numpy,numpy,2000,0.5,0.6181200967269317,0.11812009672693169,0.23624019345386338,numpy,5.7220458984375e-06,0.0009660720825195312,0.0009717941284179688,True,
DMA,numpy,numpy,2000,0.7,0.028750848796545804,0.6712491512034542,0.9589273588620775,numpy,1.5974044799804688e-05,0.0015790462493896484,0.0015950202941894531,True,
DMA,numpy,numpy,2000,0.9,0.0655163683530399,0.8344836316469602,0.9272040351632891,numpy,9.298324584960938e-06,0.001172780990600586,0.0011820793151855469,True,
DMA,numba,numba,500,0.3,0.012878768528368676,0.2871212314716313,0.9570707715721044,numpy,9.5367431640625e-06,0.000743865966796875,0.0007534027099609375,True,
DMA,numba,numba,500,0.5,0.5744866774418972,0.07448667744189719,0.14897335488379437,numpy,5.245208740234375e-06,0.0006158351898193359,0.0006210803985595703,True,
DMA,numba,numba,500,0.7,0.06818194263299968,0.6318180573670003,0.9025972248100004,numpy,1.0013580322265625e-05,0.0008099079132080078,0.0008199214935302734,True,
DMA,numba,numba,500,0.9,0.2059419280790711,0.6940580719209289,0.7711756354676989,numpy,9.775161743164062e-06,0.0007703304290771484,0.0007801055908203125,True,
DMA,numba,numba,1000,0.3,0.01677321276017118,0.2832267872398288,0.9440892907994294,numpy,9.775161743164062e-06,0.0008511543273925781,0.0008609294891357422,True,
DMA,numba,numba,1000,0.5,0.5100237006830557,0.010023700683055692,0.020047401366111384,numpy,4.76837158203125e-06,0.0006749629974365234,0.0006797313690185547,True,
DMA,numba,numba,1000,0.7,0.0701162851343769,0.6298837148656231,0.8998338783794616,numpy,1.71661376953125e-05,0.0010235309600830078,0.0010406970977783203,True,
DMA,numba,numba,1000,0.9,0.23114430425802063,0.6688556957419793,0.7431729952688659,numpy,8.344650268554688e-06,0.0008344650268554688,0.0008428096771240234,True,
DMA,numba,numba,2000,0.3,0.007935948126051626,0.29206405187394835,0.9735468395798279,numpy,1.52587890625e-05,0.0010974407196044922,0.0011126995086669922,True,
DMA,numba,numba,2000,0.5,0.5164402563490361,0.01644025634903612,0.03288051269807224,numpy,5.245208740234375e-06,0.0008983612060546875,0.0009036064147949219,True,
DMA,numba,numba,2000,0.7,0.028750848796545804,0.6712491512034542,0.9589273588620775,numpy,2.47955322265625e-05,0.0015692710876464844,0.0015940666198730469,True,
DMA,numba,numba,2000,0.9,0.0655163683530399,0.8344836316469602,0.9272040351632891,numpy,1.0013580322265625e-05,0.0013360977172851562,0.0013461112976074219,True,
DMA,jax,jax,500,0.3,0.012878768528368676,0.2871212314716313,0.9570707715721044,numpy,1.1205673217773438e-05,0.0011267662048339844,0.0011379718780517578,True,
DMA,jax,jax,500,0.5,0.6331367869244356,0.13313678692443565,0.2662735738488713,numpy,8.344650268554688e-06,0.001195669174194336,0.0012040138244628906,True,
DMA,jax,jax,500,0.7,0.06818194263299968,0.6318180573670003,0.9025972248100004,numpy,1.049041748046875e-05,0.0012063980102539062,0.001216888427734375,True,
DMA,jax,jax,500,0.9,0.2059419280790711,0.6940580719209289,0.7711756354676989,numpy,9.775161743164062e-06,0.001321554183959961,0.001331329345703125,True,
DMA,jax,jax,1000,0.3,0.01677321276017118,0.2832267872398288,0.9440892907994294,numpy,1.2159347534179688e-05,0.001794576644897461,0.0018067359924316406,True,
DMA,jax,jax,1000,0.5,0.4815674421144638,0.018432557885536216,0.03686511577107243,numpy,8.821487426757812e-06,0.0014445781707763672,0.001453399658203125,True,
DMA,jax,jax,1000,0.7,0.0701162851343769,0.6298837148656231,0.8998338783794616,numpy,1.049041748046875e-05,0.0017671585083007812,0.00177764892578125,True,
DMA,jax,jax,1000,0.9,0.23114430425802063,0.6688556957419793,0.7431729952688659,numpy,7.867813110351562e-06,0.0011518001556396484,0.00115966796875,True,
DMA,jax,jax,2000,0.3,0.007935948126051626,0.29206405187394835,0.9735468395798279,numpy,9.775161743164062e-06,0.0013859272003173828,0.0013957023620605469,True,
DMA,jax,jax,2000,0.5,0.5110500948234025,0.011050094823402468,0.022100189646804935,numpy,6.67572021484375e-06,0.0014035701751708984,0.0014102458953857422,True,
DMA,jax,jax,2000,0.7,0.028750848796545804,0.6712491512034542,0.9589273588620775,numpy,1.0967254638671875e-05,0.0018260478973388672,0.001837015151977539,True,
DMA,jax,jax,2000,0.9,0.0655163683530399,0.8344836316469602,0.9272040351632891,numpy,1.621246337890625e-05,0.0019092559814453125,0.0019254684448242188,True,
GPH,numpy,numpy,500,0.3,0.7159436826084224,0.41594368260842246,1.386478942028075,numpy,2.956390380859375e-05,0.0024261474609375,0.0024557113647460938,True,
GPH,numpy,numpy,500,0.5,0.99,0.49,0.98,numpy,1.0967254638671875e-05,0.001344442367553711,0.0013554096221923828,True,
GPH,numpy,numpy,500,0.7,0.99,0.29000000000000004,0.41428571428571437,numpy,1.430511474609375e-05,0.0013422966003417969,0.0013566017150878906,True,
GPH,numpy,numpy,500,0.9,0.99,0.08999999999999997,0.09999999999999996,numpy,1.2636184692382812e-05,0.001127004623413086,0.0011396408081054688,True,
GPH,numpy,numpy,1000,0.3,0.99,0.69,2.3,numpy,1.1682510375976562e-05,0.0015485286712646484,0.001560211181640625,True,
GPH,numpy,numpy,1000,0.5,0.99,0.49,0.98,numpy,7.152557373046875e-06,0.0010843276977539062,0.0010914802551269531,True,
GPH,numpy,numpy,1000,0.7,0.8577588647254298,0.15775886472542988,0.22536980675061413,numpy,2.4318695068359375e-05,0.0016536712646484375,0.0016779899597167969,True,
GPH,numpy,numpy,1000,0.9,0.99,0.08999999999999997,0.09999999999999996,numpy,9.5367431640625e-06,0.0011336803436279297,0.0011432170867919922,True,
GPH,numpy,numpy,2000,0.3,0.01,0.29,0.9666666666666667,numpy,2.0742416381835938e-05,0.0013451576232910156,0.0013659000396728516,True,
GPH,numpy,numpy,2000,0.5,0.99,0.49,0.98,numpy,4.5299530029296875e-06,0.0009570121765136719,0.0009615421295166016,True,
GPH,numpy,numpy,2000,0.7,0.707386274610131,0.007386274610131083,0.010551820871615833,numpy,1.5020370483398438e-05,0.0013883113861083984,0.0014033317565917969,True,
GPH,numpy,numpy,2000,0.9,0.962516298486493,0.06251629848649298,0.06946255387388109,numpy,9.298324584960938e-06,0.0012543201446533203,0.0012636184692382812,True,
GPH,numba,numba,500,0.3,0.7159436826084224,0.41594368260842246,1.386478942028075,numpy,9.298324584960938e-06,0.00107574462890625,0.001085042953491211,True,
GPH,numba,numba,500,0.5,0.99,0.49,0.98,numpy,7.62939453125e-06,0.001085042953491211,0.001092672348022461,True,
GPH,numba,numba,500,0.7,0.99,0.29000000000000004,0.41428571428571437,numpy,1.2159347534179688e-05,0.0011706352233886719,0.0011827945709228516,True,
GPH,numba,numba,500,0.9,0.99,0.08999999999999997,0.09999999999999996,numpy,1.8596649169921875e-05,0.0015666484832763672,0.001585245132446289,True,
GPH,numba,numba,1000,0.3,0.99,0.69,2.3,numpy,1.2636184692382812e-05,0.0013244152069091797,0.0013370513916015625,True,
GPH,numba,numba,1000,0.5,0.99,0.49,0.98,numpy,7.62939453125e-06,0.0012044906616210938,0.0012121200561523438,True,
GPH,numba,numba,1000,0.7,0.8577588647254298,0.15775886472542988,0.22536980675061413,numpy,9.5367431640625e-06,0.0012769699096679688,0.0012865066528320312,True,
GPH,numba,numba,1000,0.9,0.99,0.08999999999999997,0.09999999999999996,numpy,8.344650268554688e-06,0.0012183189392089844,0.001226663589477539,True,
GPH,numba,numba,2000,0.3,0.01,0.29,0.9666666666666667,numpy,1.3828277587890625e-05,0.001405477523803711,0.0014193058013916016,True,
GPH,numba,numba,2000,0.5,0.99,0.49,0.98,numpy,5.9604644775390625e-06,0.001300811767578125,0.001306772232055664,True,
GPH,numba,numba,2000,0.7,0.707386274610131,0.007386274610131083,0.010551820871615833,numpy,1.2636184692382812e-05,0.0017261505126953125,0.0017387866973876953,True,
GPH,numba,numba,2000,0.9,0.962516298486493,0.06251629848649298,0.06946255387388109,numpy,8.344650268554688e-06,0.0014297962188720703,0.001438140869140625,True,
GPH,jax,jax,500,0.3,0.7159438654780388,0.4159438654780388,1.3864795515934627,jax,1.2874603271484375e-05,0.7090275287628174,0.7090404033660889,True,
GPH,jax,jax,500,0.5,0.99,0.49,0.98,jax,6.9141387939453125e-06,0.0038607120513916016,0.003867626190185547,True,
GPH,jax,jax,500,0.7,0.99,0.29000000000000004,0.41428571428571437,jax,1.0728836059570312e-05,0.0039463043212890625,0.003957033157348633,True,
GPH,jax,jax,500,0.9,0.99,0.08999999999999997,0.09999999999999996,jax,9.5367431640625e-06,0.0044672489166259766,0.004476785659790039,True,
GPH,jax,jax,1000,0.3,0.99,0.69,2.3,jax,1.0728836059570312e-05,0.47482943534851074,0.4748401641845703,True,
GPH,jax,jax,1000,0.5,0.99,0.49,0.98,jax,9.775161743164062e-06,0.004632711410522461,0.004642486572265625,True,
GPH,jax,jax,1000,0.7,0.8577589243650436,0.15775892436504368,0.22536989195006243,jax,1.8835067749023438e-05,0.006369352340698242,0.006388187408447266,True,
GPH,jax,jax,1000,0.9,0.99,0.08999999999999997,0.09999999999999996,jax,8.821487426757812e-06,0.004326820373535156,0.004335641860961914,True,
GPH,jax,jax,2000,0.3,0.01,0.29,0.9666666666666667,jax,1.8358230590820312e-05,0.478715181350708,0.47873353958129883,True,
GPH,jax,jax,2000,0.5,0.99,0.49,0.98,jax,9.775161743164062e-06,0.004477262496948242,0.004487037658691406,True,
GPH,jax,jax,2000,0.7,0.7073862925171852,0.007386292517185256,0.010551846453121794,jax,1.1444091796875e-05,0.004866361618041992,0.004877805709838867,True,
GPH,jax,jax,2000,0.9,0.9625163227319717,0.06251632273197172,0.06946258081330191,jax,1.049041748046875e-05,0.006920337677001953,0.006930828094482422,True,
Whittle,numpy,numpy,500,0.3,0.7,0.39999999999999997,1.3333333333333333,Spectral_Adaptive,2.7179718017578125e-05,0.0006206035614013672,0.0006477832794189453,True,
Whittle,numpy,numpy,500,0.5,0.7,0.19999999999999996,0.3999999999999999,Spectral_Adaptive,7.867813110351562e-06,0.0007569789886474609,0.0007648468017578125,True,
Whittle,numpy,numpy,500,0.7,0.7,0.0,0.0,Spectral_Adaptive,1.5020370483398438e-05,0.0006253719329833984,0.0006403923034667969,True,
Whittle,numpy,numpy,500,0.9,0.7,0.20000000000000007,0.2222222222222223,Spectral_Adaptive,1.4543533325195312e-05,0.0005767345428466797,0.000591278076171875,True,
Whittle,numpy,numpy,1000,0.3,0.7,0.39999999999999997,1.3333333333333333,Spectral_Adaptive,1.1920928955078125e-05,0.0005428791046142578,0.0005548000335693359,True,
Whittle,numpy,numpy,1000,0.5,0.7,0.19999999999999996,0.3999999999999999,Spectral_Adaptive,4.5299530029296875e-06,0.0004284381866455078,0.0004329681396484375,True,
Whittle,numpy,numpy,1000,0.7,0.7,0.0,0.0,Spectral_Adaptive,1.6689300537109375e-05,0.0007307529449462891,0.0007474422454833984,True,
Whittle,numpy,numpy,1000,0.9,0.7,0.20000000000000007,0.2222222222222223,Spectral_Adaptive,1.0013580322265625e-05,0.0005130767822265625,0.0005230903625488281,True,
Whittle,numpy,numpy,2000,0.3,0.7,0.39999999999999997,1.3333333333333333,Spectral_Adaptive,1.6927719116210938e-05,0.00079345703125,0.0008103847503662109,True,
Whittle,numpy,numpy,2000,0.5,0.7,0.19999999999999996,0.3999999999999999,Spectral_Adaptive,7.152557373046875e-06,0.00048828125,0.0004954338073730469,True,
Whittle,numpy,numpy,2000,0.7,0.7,0.0,0.0,Spectral_Adaptive,1.1682510375976562e-05,0.0006282329559326172,0.0006399154663085938,True,
Whittle,numpy,numpy,2000,0.9,0.7,0.20000000000000007,0.2222222222222223,Spectral_Adaptive,1.1205673217773438e-05,0.0006585121154785156,0.0006697177886962891,True,
Whittle,numba,numba,500,0.3,0.7,0.39999999999999997,1.3333333333333333,Spectral_Adaptive,1.3113021850585938e-05,0.0006663799285888672,0.0006794929504394531,True,
Whittle,numba,numba,500,0.5,0.7,0.19999999999999996,0.3999999999999999,Spectral_Adaptive,5.245208740234375e-06,0.00039076805114746094,0.0003960132598876953,True,
Whittle,numba,numba,500,0.7,0.7,0.0,0.0,Spectral_Adaptive,1.5020370483398438e-05,0.0007665157318115234,0.0007815361022949219,True,
Whittle,numba,numba,500,0.9,0.7,0.20000000000000007,0.2222222222222223,Spectral_Adaptive,9.775161743164062e-06,0.0005049705505371094,0.0005147457122802734,True,
Whittle,numba,numba,1000,0.3,0.7,0.39999999999999997,1.3333333333333333,Spectral_Adaptive,1.1205673217773438e-05,0.0005702972412109375,0.0005815029144287109,True,
Whittle,numba,numba,1000,0.5,0.7,0.19999999999999996,0.3999999999999999,Spectral_Adaptive,5.7220458984375e-06,0.0003859996795654297,0.0003917217254638672,True,
Whittle,numba,numba,1000,0.7,0.7,0.0,0.0,Spectral_Adaptive,1.1205673217773438e-05,0.000652313232421875,0.0006635189056396484,True,
Whittle,numba,numba,1000,0.9,0.7,0.20000000000000007,0.2222222222222223,Spectral_Adaptive,1.811981201171875e-05,0.0007550716400146484,0.0007731914520263672,True,
Whittle,numba,numba,2000,0.3,0.7,0.39999999999999997,1.3333333333333333,Spectral_Adaptive,1.4781951904296875e-05,0.0008132457733154297,0.0008280277252197266,True,
Whittle,numba,numba,2000,0.5,0.7,0.19999999999999996,0.3999999999999999,Spectral_Adaptive,1.0728836059570312e-05,0.0008392333984375,0.0008499622344970703,True,
Whittle,numba,numba,2000,0.7,0.7,0.0,0.0,Spectral_Adaptive,1.1205673217773438e-05,0.000568389892578125,0.0005795955657958984,True,
Whittle,numba,numba,2000,0.9,0.7,0.20000000000000007,0.2222222222222223,Spectral_Adaptive,1.1444091796875e-05,0.0006625652313232422,0.0006740093231201172,True,
Whittle,jax,jax,500,0.3,0.7,0.39999999999999997,1.3333333333333333,Spectral_Adaptive,8.821487426757812e-06,0.0007319450378417969,0.0007407665252685547,True,
Whittle,jax,jax,500,0.5,0.7,0.19999999999999996,0.3999999999999999,Spectral_Adaptive,9.775161743164062e-06,0.0008497238159179688,0.0008594989776611328,True,
Whittle,jax,jax,500,0.7,0.7,0.0,0.0,Spectral_Adaptive,1.0251998901367188e-05,0.0007717609405517578,0.000782012939453125,True,
Whittle,jax,jax,500,0.9,0.7,0.20000000000000007,0.2222222222222223,Spectral_Adaptive,1.049041748046875e-05,0.000766754150390625,0.0007772445678710938,True,
Whittle,jax,jax,1000,0.3,0.7,0.39999999999999997,1.3333333333333333,Spectral_Adaptive,9.059906005859375e-06,0.0013074874877929688,0.0013165473937988281,True,
Whittle,jax,jax,1000,0.5,0.7,0.19999999999999996,0.3999999999999999,Spectral_Adaptive,6.9141387939453125e-06,0.0009026527404785156,0.0009095668792724609,True,
Whittle,jax,jax,1000,0.7,0.7,0.0,0.0,Spectral_Adaptive,1.2159347534179688e-05,0.0010564327239990234,0.0010685920715332031,True,
Whittle,jax,jax,1000,0.9,0.7,0.20000000000000007,0.2222222222222223,Spectral_Adaptive,8.821487426757812e-06,0.0007817745208740234,0.0007905960083007812,True,
Whittle,jax,jax,2000,0.3,0.7,0.39999999999999997,1.3333333333333333,Spectral_Adaptive,2.1696090698242188e-05,0.0007126331329345703,0.0007343292236328125,True,
Whittle,jax,jax,2000,0.5,0.7,0.19999999999999996,0.3999999999999999,Spectral_Adaptive,5.4836273193359375e-06,0.00079345703125,0.0007989406585693359,True,
Whittle,jax,jax,2000,0.7,0.7,0.0,0.0,Spectral_Adaptive,1.7642974853515625e-05,0.001005411148071289,0.0010230541229248047,True,
Whittle,jax,jax,2000,0.9,0.7,0.20000000000000007,0.2222222222222223,Spectral_Adaptive,1.0967254638671875e-05,0.0007550716400146484,0.0007660388946533203,True,
Periodogram,numpy,numpy,500,0.3,0.5308461518645429,0.23084615186454288,0.7694871728818097,numpy,1.430511474609375e-05,0.0011990070343017578,0.0012133121490478516,True,
Periodogram,numpy,numpy,500,0.5,0.99,0.49,0.98,numpy,5.9604644775390625e-06,0.0008580684661865234,0.0008640289306640625,True,
Periodogram,numpy,numpy,500,0.7,0.8956358589310854,0.19563585893108548,0.27947979847297927,numpy,1.1444091796875e-05,0.0013477802276611328,0.0013592243194580078,True,
Periodogram,numpy,numpy,500,0.9,0.99,0.08999999999999997,0.09999999999999996,numpy,1.0251998901367188e-05,0.0011417865753173828,0.00115203857421875,True,
Periodogram,numpy,numpy,1000,0.3,0.99,0.69,2.3,numpy,2.1457672119140625e-05,0.0010673999786376953,0.001088857650756836,True,
Periodogram,numpy,numpy,1000,0.5,0.99,0.49,0.98,numpy,8.106231689453125e-06,0.0009541511535644531,0.0009622573852539062,True,
Periodogram,numpy,numpy,1000,0.7,0.7080195086688226,0.008019508668822617,0.011456440955460882,numpy,1.4543533325195312e-05,0.0014488697052001953,0.0014634132385253906,True,
Periodogram,numpy,numpy,1000,0.9,0.9556042496053181,0.05560424960531807,0.06178249956146452,numpy,1.0251998901367188e-05,0.001119852066040039,0.0011301040649414062,True,
Periodogram,numpy,numpy,2000,0.3,0.01,0.29,0.9666666666666667,numpy,1.0967254638671875e-05,0.0013251304626464844,0.0013360977172851562,True,
Periodogram,numpy,numpy,2000,0.5,0.99,0.49,0.98,numpy,6.67572021484375e-06,0.001012563705444336,0.0010192394256591797,True,
Periodogram,numpy,numpy,2000,0.7,0.5982354941330534,0.10176450586694652,0.1453778655242093,numpy,1.5974044799804688e-05,0.0014681816101074219,0.0014841556549072266,True,
Periodogram,numpy,numpy,2000,0.9,0.8528706475613812,0.04712935243861882,0.05236594715402091,numpy,1.0013580322265625e-05,0.0011668205261230469,0.0011768341064453125,True,
Periodogram,numba,numba,500,0.3,0.5308461518645429,0.23084615186454288,0.7694871728818097,numpy,1.1205673217773438e-05,0.0012631416320800781,0.0012743473052978516,True,
Periodogram,numba,numba,500,0.5,0.99,0.49,0.98,numpy,1.049041748046875e-05,0.000980377197265625,0.0009908676147460938,True,
Periodogram,numba,numba,500,0.7,0.8956358589310854,0.19563585893108548,0.27947979847297927,numpy,1.049041748046875e-05,0.0011458396911621094,0.0011563301086425781,True,
Periodogram,numba,numba,500,0.9,0.99,0.08999999999999997,0.09999999999999996,numpy,1.430511474609375e-05,0.0011737346649169922,0.001188039779663086,True,
Periodogram,numba,numba,1000,0.3,0.99,0.69,2.3,numpy,1.0013580322265625e-05,0.0012536048889160156,0.0012636184692382812,True,
Periodogram,numba,numba,1000,0.5,0.99,0.49,0.98,numpy,5.9604644775390625e-06,0.0010249614715576172,0.0010309219360351562,True,
Periodogram,numba,numba,1000,0.7,0.7080195086688226,0.008019508668822617,0.011456440955460882,numpy,1.3589859008789062e-05,0.0013427734375,0.001356363296508789,True,
Periodogram,numba,numba,1000,0.9,0.9556042496053181,0.05560424960531807,0.06178249956146452,numpy,8.58306884765625e-06,0.0011491775512695312,0.0011577606201171875,True,
Periodogram,numba,numba,2000,0.3,0.01,0.29,0.9666666666666667,numpy,9.298324584960938e-06,0.0013020038604736328,0.0013113021850585938,True,
Periodogram,numba,numba,2000,0.5,0.99,0.49,0.98,numpy,6.198883056640625e-06,0.0010304450988769531,0.0010366439819335938,True,
Periodogram,numba,numba,2000,0.7,0.5982354941330534,0.10176450586694652,0.1453778655242093,numpy,1.0013580322265625e-05,0.0014181137084960938,0.0014281272888183594,True,
Periodogram,numba,numba,2000,0.9,0.8528706475613812,0.04712935243861882,0.05236594715402091,numpy,7.867813110351562e-06,0.0011210441589355469,0.0011289119720458984,True,
Periodogram,jax,jax,500,0.3,0.5308461599051952,0.23084615990519525,0.7694871996839842,jax,9.5367431640625e-06,0.0038843154907226562,0.0038938522338867188,True,
Periodogram,jax,jax,500,0.5,0.99,0.49,0.98,jax,5.7220458984375e-06,0.0030641555786132812,0.0030698776245117188,True,
Periodogram,jax,jax,500,0.7,0.8956358730792999,0.19563587307929997,0.2794798186847143,jax,9.059906005859375e-06,0.003941059112548828,0.0039501190185546875,True,
Periodogram,jax,jax,500,0.9,0.99,0.08999999999999997,0.09999999999999996,jax,9.059906005859375e-06,0.003559112548828125,0.0035681724548339844,True,
Periodogram,jax,jax,1000,0.3,0.99,0.69,2.3,jax,1.3113021850585938e-05,0.004120588302612305,0.004133701324462891,True,
Periodogram,jax,jax,1000,0.5,0.99,0.49,0.98,jax,1.049041748046875e-05,0.005395650863647461,0.00540614128112793,True,
Periodogram,jax,jax,1000,0.7,0.708019495010376,0.008019495010376021,0.011456421443394316,jax,1.3113021850585938e-05,0.004208803176879883,0.004221916198730469,True,
Periodogram,jax,jax,1000,0.9,0.9556042551994324,0.05560425519943235,0.061782505777147056,jax,1.0013580322265625e-05,0.00442194938659668,0.004431962966918945,True,
Periodogram,jax,jax,2000,0.3,0.01,0.29,0.9666666666666667,jax,3.075599670410156e-05,0.004492998123168945,0.004523754119873047,True,
Periodogram,jax,jax,2000,0.5,0.99,0.49,0.98,jax,9.298324584960938e-06,0.007040500640869141,0.0070497989654541016,True,
Periodogram,jax,jax,2000,0.7,0.5982354953885078,0.10176450461149211,0.14537786373070302,jax,1.3113021850585938e-05,0.0053522586822509766,0.0053653717041015625,True,
Periodogram,jax,jax,2000,0.9,0.8528706729412079,0.047129327058792136,0.05236591895421348,jax,1.1205673217773438e-05,0.004176139831542969,0.004187345504760742,True,
Wavelet Variance,numpy,numpy,500,0.3,-0.2972840825656978,0.5972840825656978,1.9909469418856593,numpy,2.3365020751953125e-05,0.0013358592987060547,0.0013592243194580078,True,
Wavelet Variance,numpy,numpy,500,0.5,2.149794144953659,1.6497941449536588,3.2995882899073177,numpy,7.867813110351562e-06,0.0012159347534179688,0.0012238025665283203,True,
Wavelet Variance,numpy,numpy,500,0.7,1.2645273827285965,0.5645273827285966,0.8064676896122809,numpy,1.0728836059570312e-05,0.0012352466583251953,0.0012459754943847656,True,
Wavelet Variance,numpy,numpy,500,0.9,3.0017927348965423,2.1017927348965424,2.335325260996158,numpy,1.0967254638671875e-05,0.0013279914855957031,0.001338958740234375,True,
Wavelet Variance,numpy,numpy,1000,0.3,-0.21965709785240717,0.5196570978524071,1.7321903261746905,numpy,2.7179718017578125e-05,0.0013339519500732422,0.0013611316680908203,True,
Wavelet Variance,numpy,numpy,1000,0.5,2.465960421943082,1.9659604219430822,3.9319208438861644,numpy,7.867813110351562e-06,0.0011489391326904297,0.0011568069458007812,True,
Wavelet Variance,numpy,numpy,1000,0.7,1.139117682380416,0.43911768238041615,0.627310974829166,numpy,1.1920928955078125e-05,0.0013887882232666016,0.0014007091522216797,True,
Wavelet Variance,numpy,numpy,1000,0.9,2.145857100057086,1.2458571000570862,1.3842856667300958,numpy,1.5974044799804688e-05,0.001369476318359375,0.0013854503631591797,True,
Wavelet Variance,numpy,numpy,2000,0.3,-0.664194999687612,0.964194999687612,3.2139833322920404,numpy,1.5735626220703125e-05,0.0015666484832763672,0.0015823841094970703,True,
Wavelet Variance,numpy,numpy,2000,0.5,2.8530331914779863,2.3530331914779863,4.706066382955973,numpy,7.62939453125e-06,0.0016028881072998047,0.0016105175018310547,True,
Wavelet Variance,numpy,numpy,2000,0.7,1.2654377122732383,0.5654377122732384,0.8077681603903406,numpy,1.6927719116210938e-05,0.001583099365234375,0.001600027084350586,True,
Wavelet Variance,numpy,numpy,2000,0.9,1.4782852802910538,0.5782852802910537,0.6425392003233931,numpy,1.6450881958007812e-05,0.0015568733215332031,0.001573324203491211,True,
Wavelet Variance,numba,numba,500,0.3,-0.2972840825656978,0.5972840825656978,1.9909469418856593,numpy,2.288818359375e-05,0.0011241436004638672,0.0011470317840576172,True,
Wavelet Variance,numba,numba,500,0.5,2.267943169140943,1.7679431691409428,3.5358863382818857,numpy,6.67572021484375e-06,0.0010721683502197266,0.0010788440704345703,True,
Wavelet Variance,numba,numba,500,0.7,1.2645273827285965,0.5645273827285966,0.8064676896122809,numpy,1.0967254638671875e-05,0.001203298568725586,0.0012142658233642578,True,
Wavelet Variance,numba,numba,500,0.9,3.0017927348965423,2.1017927348965424,2.335325260996158,numpy,1.1920928955078125e-05,0.0010929107666015625,0.0011048316955566406,True,
Wavelet Variance,numba,numba,1000,0.3,-0.21965709785240717,0.5196570978524071,1.7321903261746905,numpy,9.5367431640625e-06,0.0013768672943115234,0.001386404037475586,True,
Wavelet Variance,numba,numba,1000,0.5,2.6668042398769143,2.1668042398769143,4.333608479753829,numpy,8.106231689453125e-06,0.0011818408966064453,0.0011899471282958984,True,
Wavelet Variance,numba,numba,1000,0.7,1.139117682380416,0.43911768238041615,0.627310974829166,numpy,1.1920928955078125e-05,0.001377105712890625,0.0013890266418457031,True,
Wavelet Variance,numba,numba,1000,0.9,2.145857100057086,1.2458571000570862,1.3842856667300958,numpy,1.52587890625e-05,0.0014309883117675781,0.0014462471008300781,True,
Wavelet Variance,numba,numba,2000,0.3,-0.664194999687612,0.964194999687612,3.2139833322920404,numpy,1.1444091796875e-05,0.0017366409301757812,0.0017480850219726562,True,
Wavelet Variance,numba,numba,2000,0.5,2.7422494561219333,2.2422494561219333,4.4844989122438665,numpy,8.58306884765625e-06,0.001543283462524414,0.0015518665313720703,True,
Wavelet Variance,numba,numba,2000,0.7,1.2654377122732383,0.5654377122732384,0.8077681603903406,numpy,1.71661376953125e-05,0.0018968582153320312,0.0019140243530273438,True,
Wavelet Variance,numba,numba,2000,0.9,1.4782852802910538,0.5782852802910537,0.6425392003233931,numpy,2.0503997802734375e-05,0.001953125,0.0019736289978027344,True,
Wavelet Variance,jax,jax,500,0.3,-0.2972840825656978,0.5972840825656978,1.9909469418856593,numpy,1.4543533325195312e-05,0.0018787384033203125,0.0018932819366455078,True,
Wavelet Variance,jax,jax,500,0.5,2.4829051169123266,1.9829051169123266,3.9658102338246533,numpy,9.059906005859375e-06,0.0020380020141601562,0.0020470619201660156,True,
Wavelet Variance,jax,jax,500,0.7,1.2645273827285965,0.5645273827285966,0.8064676896122809,numpy,1.2874603271484375e-05,0.002015352249145508,0.002028226852416992,True,
Wavelet Variance,jax,jax,500,0.9,3.0017927348965423,2.1017927348965424,2.335325260996158,numpy,1.5974044799804688e-05,0.0020525455474853516,0.0020685195922851562,True,
Wavelet Variance,jax,jax,1000,0.3,-0.21965709785240717,0.5196570978524071,1.7321903261746905,numpy,1.6450881958007812e-05,0.0019245147705078125,0.0019409656524658203,True,
Wavelet Variance,jax,jax,1000,0.5,2.4748429349745313,1.9748429349745313,3.9496858699490627,numpy,7.62939453125e-06,0.0019941329956054688,0.0020017623901367188,True,
Wavelet Variance,jax,jax,1000,0.7,1.139117682380416,0.43911768238041615,0.627310974829166,numpy,1.2874603271484375e-05,0.0016732215881347656,0.00168609619140625,True,
Wavelet Variance,jax,jax,1000,0.9,2.145857100057086,1.2458571000570862,1.3842856667300958,numpy,1.6689300537109375e-05,0.0025398731231689453,0.0025565624237060547,True,
Wavelet Variance,jax,jax,2000,0.3,-0.664194999687612,0.964194999687612,3.2139833322920404,numpy,1.239776611328125e-05,0.0017852783203125,0.0017976760864257812,True,
Wavelet Variance,jax,jax,2000,0.5,2.718757248296265,2.218757248296265,4.43751449659253,numpy,8.58306884765625e-06,0.0019228458404541016,0.0019314289093017578,True,
Wavelet Variance,jax,jax,2000,0.7,1.2654377122732383,0.5654377122732384,0.8077681603903406,numpy,1.4781951904296875e-05,0.0021255016326904297,0.0021402835845947266,True,
Wavelet Variance,jax,jax,2000,0.9,1.4782852802910538,0.5782852802910537,0.6425392003233931,numpy,2.3365020751953125e-05,0.002369403839111328,0.0023927688598632812,True,
Wavelet Whittle,numpy,numpy,500,0.3,0.010005841643766819,0.28999415835623316,0.9666471945207772,numpy,2.2649765014648438e-05,0.017429113388061523,0.017451763153076172,True,
Wavelet Whittle,numpy,numpy,500,0.5,0.9899954783179175,0.48999547831791745,0.9799909566358349,numpy,9.298324584960938e-06,0.01712656021118164,0.0171358585357666,True,
Wavelet Whittle,numpy,numpy,500,0.7,0.010005841643766819,0.6899941583562331,0.9857059405089045,numpy,2.2172927856445312e-05,0.016649961471557617,0.016672134399414062,True,
Wavelet Whittle,numpy,numpy,500,0.9,0.010005841643766819,0.8899941583562332,0.9888823981735924,numpy,1.1682510375976562e-05,0.016545772552490234,0.01655745506286621,True,
Wavelet Whittle,numpy,numpy,1000,0.3,0.010005841643766819,0.28999415835623316,0.9666471945207772,numpy,8.344650268554688e-06,0.021099328994750977,0.02110767364501953,True,
Wavelet Whittle,numpy,numpy,1000,0.5,0.9899934196951784,0.4899934196951784,0.9799868393903568,numpy,1.1682510375976562e-05,0.02075481414794922,0.020766496658325195,True,
Wavelet Whittle,numpy,numpy,1000,0.7,0.010005841643766819,0.6899941583562331,0.9857059405089045,numpy,3.0994415283203125e-05,0.020408153533935547,0.02043914794921875,True,
Wavelet Whittle,numpy,numpy,1000,0.9,0.010005841643766819,0.8899941583562332,0.9888823981735924,numpy,8.58306884765625e-06,0.02011871337890625,0.020127296447753906,True,
Wavelet Whittle,numpy,numpy,2000,0.3,0.010005841643766819,0.28999415835623316,0.9666471945207772,numpy,1.0251998901367188e-05,0.023845911026000977,0.023856163024902344,True,
Wavelet Whittle,numpy,numpy,2000,0.5,0.9899946761066108,0.48999467610661085,0.9799893522132217,numpy,8.344650268554688e-06,0.0237424373626709,0.023750782012939453,True,
Wavelet Whittle,numpy,numpy,2000,0.7,0.010005841643766819,0.6899941583562331,0.9857059405089045,numpy,9.298324584960938e-06,0.02440643310546875,0.02441573143005371,True,
Wavelet Whittle,numpy,numpy,2000,0.9,0.010005841643766819,0.8899941583562332,0.9888823981735924,numpy,1.9311904907226562e-05,0.024781465530395508,0.024800777435302734,True,
Wavelet Whittle,numba,numba,500,0.3,0.010005841643766819,0.28999415835623316,0.9666471945207772,numpy,1.6689300537109375e-05,0.018364429473876953,0.018381118774414062,True,
Wavelet Whittle,numba,numba,500,0.5,0.989993910048259,0.489993910048259,0.979987820096518,numpy,9.775161743164062e-06,0.015975475311279297,0.01598525047302246,True,
Wavelet Whittle,numba,numba,500,0.7,0.010005841643766819,0.6899941583562331,0.9857059405089045,numpy,8.58306884765625e-06,0.015578508377075195,0.015587091445922852,True,
Wavelet Whittle,numba,numba,500,0.9,0.010005841643766819,0.8899941583562332,0.9888823981735924,numpy,8.821487426757812e-06,0.015307188034057617,0.015316009521484375,True,
Wavelet Whittle,numba,numba,1000,0.3,0.010005841643766819,0.28999415835623316,0.9666471945207772,numpy,9.5367431640625e-06,0.02049112319946289,0.020500659942626953,True,
Wavelet Whittle,numba,numba,1000,0.5,0.9899943029292311,0.4899943029292311,0.9799886058584621,numpy,8.106231689453125e-06,0.020163297653198242,0.020171403884887695,True,
Wavelet Whittle,numba,numba,1000,0.7,0.010005841643766819,0.6899941583562331,0.9857059405089045,numpy,1.6927719116210938e-05,0.02037978172302246,0.020396709442138672,True,
Wavelet Whittle,numba,numba,1000,0.9,0.010005841643766819,0.8899941583562332,0.9888823981735924,numpy,7.62939453125e-06,0.0205533504486084,0.02056097984313965,True,
Wavelet Whittle,numba,numba,2000,0.3,0.010005841643766819,0.28999415835623316,0.9666471945207772,numpy,1.6927719116210938e-05,0.02490401268005371,0.024920940399169922,True,
Wavelet Whittle,numba,numba,2000,0.5,0.9899956833296953,0.48999568332969534,0.9799913666593907,numpy,5.4836273193359375e-06,0.02457404136657715,0.024579524993896484,True,
Wavelet Whittle,numba,numba,2000,0.7,0.010005841643766819,0.6899941583562331,0.9857059405089045,numpy,8.58306884765625e-06,0.02419114112854004,0.024199724197387695,True,
Wavelet Whittle,numba,numba,2000,0.9,0.010005841643766819,0.8899941583562332,0.9888823981735924,numpy,9.775161743164062e-06,0.024896860122680664,0.024906635284423828,True,
Wavelet Whittle,jax,jax,500,0.3,0.010005841643766819,0.28999415835623316,0.9666471945207772,numpy,1.0013580322265625e-05,0.016487598419189453,0.01649761199951172,True,
Wavelet Whittle,jax,jax,500,0.5,0.9899950849885977,0.4899950849885977,0.9799901699771953,numpy,6.4373016357421875e-06,0.016507387161254883,0.016513824462890625,True,
Wavelet Whittle,jax,jax,500,0.7,0.010005841643766819,0.6899941583562331,0.9857059405089045,numpy,8.344650268554688e-06,0.01575922966003418,0.015767574310302734,True,
Wavelet Whittle,jax,jax,500,0.9,0.010005841643766819,0.8899941583562332,0.9888823981735924,numpy,2.1457672119140625e-05,0.016246795654296875,0.016268253326416016,True,
Wavelet Whittle,jax,jax,1000,0.3,0.010005841643766819,0.28999415835623316,0.9666471945207772,numpy,8.821487426757812e-06,0.021022558212280273,0.02103137969970703,True,
Wavelet Whittle,jax,jax,1000,0.5,0.9899941583562332,0.48999415835623317,0.9799883167124663,numpy,9.298324584960938e-06,0.019717693328857422,0.019726991653442383,True,
Wavelet Whittle,jax,jax,1000,0.7,0.010005841643766819,0.6899941583562331,0.9857059405089045,numpy,8.821487426757812e-06,0.01992177963256836,0.019930601119995117,True,
Wavelet Whittle,jax,jax,1000,0.9,0.010005841643766819,0.8899941583562332,0.9888823981735924,numpy,1.049041748046875e-05,0.02034926414489746,0.02035975456237793,True,
Wavelet Whittle,jax,jax,2000,0.3,0.010005841643766819,0.28999415835623316,0.9666471945207772,numpy,1.1205673217773438e-05,0.0245208740234375,0.024532079696655273,True,
Wavelet Whittle,jax,jax,2000,0.5,0.9899955815518795,0.4899955815518795,0.979991163103759,numpy,6.198883056640625e-06,0.023688554763793945,0.023694753646850586,True,
Wavelet Whittle,jax,jax,2000,0.7,0.010005841643766819,0.6899941583562331,0.9857059405089045,numpy,2.2172927856445312e-05,0.024681806564331055,0.0247039794921875,True,
Wavelet Whittle,jax,jax,2000,0.9,0.010005841643766819,0.8899941583562332,0.9888823981735924,numpy,8.344650268554688e-06,0.02440667152404785,0.024415016174316406,True,
CWT,numpy,numpy,500,0.3,0.9131574029494832,0.6131574029494833,2.0438580098316113,numpy,1.239776611328125e-05,0.05921816825866699,0.05923056602478027,True,
CWT,numpy,numpy,500,0.5,1.064367690234709,0.564367690234709,1.128735380469418,numpy,8.344650268554688e-06,0.07610654830932617,0.07611489295959473,True,
CWT,numpy,numpy,500,0.7,0.4160111490877817,0.28398885091221826,0.4056983584460261,numpy,8.106231689453125e-06,0.04936075210571289,0.049368858337402344,True,
CWT,numpy,numpy,500,0.9,0.3746538189871119,0.5253461810128881,0.583717978903209,numpy,1.4066696166992188e-05,0.04966330528259277,0.049677371978759766,True,
CWT,numpy,numpy,1000,0.3,0.9951334888662811,0.695133488866281,2.31711162955427,numpy,9.5367431640625e-06,0.0778658390045166,0.07787537574768066,True,
CWT,numpy,numpy,1000,0.5,0.7206655540717029,0.22066555407170285,0.4413311081434057,numpy,5.4836273193359375e-06,0.12385988235473633,0.12386536598205566,True,
CWT,numpy,numpy,1000,0.7,0.592161029825629,0.10783897017437094,0.15405567167767278,numpy,8.58306884765625e-06,0.07657814025878906,0.07658672332763672,True,
CWT,numpy,numpy,1000,0.9,0.7027333857501595,0.1972666142498405,0.2191851269442672,numpy,1.0251998901367188e-05,0.07647442817687988,0.07648468017578125,True,
CWT,numpy,numpy,2000,0.3,1.070280539510799,0.770280539510799,2.56760179836933,numpy,1.4781951904296875e-05,0.12307524681091309,0.12309002876281738,True,
CWT,numpy,numpy,2000,0.5,1.2726468134420843,0.7726468134420843,1.5452936268841686,numpy,9.775161743164062e-06,0.283397912979126,0.28340768814086914,True,
CWT,numpy,numpy,2000,0.7,0.571376970559412,0.128623029440588,0.18374718491512573,numpy,1.1444091796875e-05,0.12534523010253906,0.12535667419433594,True,
CWT,numpy,numpy,2000,0.9,0.6901285728044165,0.2098714271955835,0.23319047466175943,numpy,9.059906005859375e-06,0.12434720993041992,0.12435626983642578,True,
CWT,numba,numba,500,0.3,0.9131574029494832,0.6131574029494833,2.0438580098316113,numpy,1.2636184692382812e-05,0.05001258850097656,0.050025224685668945,True,
CWT,numba,numba,500,0.5,0.9512218330328592,0.45122183303285923,0.9024436660657185,numpy,7.3909759521484375e-06,0.07765769958496094,0.07766509056091309,True,
CWT,numba,numba,500,0.7,0.4160111490877817,0.28398885091221826,0.4056983584460261,numpy,1.0728836059570312e-05,0.051683664321899414,0.051694393157958984,True,
CWT,numba,numba,500,0.9,0.3746538189871119,0.5253461810128881,0.583717978903209,numpy,1.0013580322265625e-05,0.051732778549194336,0.0517427921295166,True,
CWT,numba,numba,1000,0.3,0.9951334888662811,0.695133488866281,2.31711162955427,numpy,1.430511474609375e-05,0.07808232307434082,0.07809662818908691,True,
CWT,numba,numba,1000,0.5,1.079316279545872,0.579316279545872,1.158632559091744,numpy,9.298324584960938e-06,0.12743139266967773,0.1274406909942627,True,
CWT,numba,numba,1000,0.7,0.592161029825629,0.10783897017437094,0.15405567167767278,numpy,1.2874603271484375e-05,0.07967472076416016,0.07968759536743164,True,
CWT,numba,numba,1000,0.9,0.7027333857501595,0.1972666142498405,0.2191851269442672,numpy,1.239776611328125e-05,0.07943129539489746,0.07944369316101074,True,
CWT,numba,numba,2000,0.3,1.070280539510799,0.770280539510799,2.56760179836933,numpy,2.0265579223632812e-05,0.12954258918762207,0.1295628547668457,True,
CWT,numba,numba,2000,0.5,1.2164179099041532,0.7164179099041532,1.4328358198083064,numpy,6.4373016357421875e-06,0.2856905460357666,0.28569698333740234,True,
CWT,numba,numba,2000,0.7,0.571376970559412,0.128623029440588,0.18374718491512573,numpy,2.6226043701171875e-05,0.12999892234802246,0.13002514839172363,True,
CWT,numba,numba,2000,0.9,0.6901285728044165,0.2098714271955835,0.23319047466175943,numpy,1.1444091796875e-05,0.13354134559631348,0.13355278968811035,True,
CWT,jax,jax,500,0.3,0.9131574029494832,0.6131574029494833,2.0438580098316113,numpy,9.5367431640625e-06,0.05260300636291504,0.0526125431060791,True,
CWT,jax,jax,500,0.5,0.9477745944676504,0.44777459446765044,0.8955491889353009,numpy,6.9141387939453125e-06,0.0764014720916748,0.07640838623046875,True,
CWT,jax,jax,500,0.7,0.4160111490877817,0.28398885091221826,0.4056983584460261,numpy,1.0013580322265625e-05,0.050874948501586914,0.05088496208190918,True,
CWT,jax,jax,500,0.9,0.3746538189871119,0.5253461810128881,0.583717978903209,numpy,1.0967254638671875e-05,0.050986289978027344,0.050997257232666016,True,
CWT,jax,jax,1000,0.3,0.9951334888662811,0.695133488866281,2.31711162955427,numpy,9.059906005859375e-06,0.07813763618469238,0.07814669609069824,True,
CWT,jax,jax,1000,0.5,1.0186619394900247,0.5186619394900247,1.0373238789800494,numpy,6.4373016357421875e-06,0.12565946578979492,0.12566590309143066,True,
CWT,jax,jax,1000,0.7,0.592161029825629,0.10783897017437094,0.15405567167767278,numpy,8.58306884765625e-06,0.07959890365600586,0.07960748672485352,True,
CWT,jax,jax,1000,0.9,0.7027333857501595,0.1972666142498405,0.2191851269442672,numpy,9.298324584960938e-06,0.07852959632873535,0.07853889465332031,True,
CWT,jax,jax,2000,0.3,1.070280539510799,0.770280539510799,2.56760179836933,numpy,9.5367431640625e-06,0.12680959701538086,0.12681913375854492,True,
CWT,jax,jax,2000,0.5,1.355980449332015,0.8559804493320149,1.7119608986640298,numpy,1.3589859008789062e-05,0.28926753997802734,0.28928112983703613,True,
CWT,jax,jax,2000,0.7,0.571376970559412,0.128623029440588,0.18374718491512573,numpy,9.5367431640625e-06,0.12632513046264648,0.12633466720581055,True,
CWT,jax,jax,2000,0.9,0.6901285728044165,0.2098714271955835,0.23319047466175943,numpy,9.298324584960938e-06,0.13473033905029297,0.13473963737487793,True,
Log Variance,numpy,numpy,500,0.3,-0.052635216986600675,0.35263521698660066,1.1754507232886688,numpy,3.0040740966796875e-05,0.0014684200286865234,0.0014984607696533203,True,
Log Variance,numpy,numpy,500,0.5,1.6883271694713664,1.1883271694713664,2.376654338942733,numpy,7.62939453125e-06,0.0013136863708496094,0.0013213157653808594,True,
Log Variance,numpy,numpy,500,0.7,1.0299299813880327,0.32992998138803276,0.4713285448400468,numpy,2.1219253540039062e-05,0.001500844955444336,0.001522064208984375,True,
Log Variance,numpy,numpy,500,0.9,2.2341106217173543,1.3341106217173544,1.482345135241505,numpy,4.291534423828125e-05,0.0023565292358398438,0.002399444580078125,True,
Log Variance,numpy,numpy,1000,0.3,0.00117167212283803,0.29882832787716196,0.9960944262572066,numpy,1.0013580322265625e-05,0.0011723041534423828,0.0011823177337646484,True,
Log Variance,numpy,numpy,1000,0.5,2.124329803391601,1.6243298033916012,3.2486596067832023,numpy,4.291534423828125e-06,0.0009188652038574219,0.00092315673828125,True,
Log Variance,numpy,numpy,1000,0.7,0.9430026723025715,0.24300267230257155,0.3471466747179594,numpy,1.0967254638671875e-05,0.001249074935913086,0.0012600421905517578,True,
Log Variance,numpy,numpy,1000,0.9,1.64082120707491,0.74082120707491,0.8231346745276777,numpy,2.7179718017578125e-05,0.0013463497161865234,0.0013735294342041016,True,
Log Variance,numpy,numpy,2000,0.3,-0.3069585668625273,0.6069585668625272,2.023195222875091,numpy,1.4543533325195312e-05,0.0016314983367919922,0.0016460418701171875,True,
Log Variance,numpy,numpy,2000,0.5,1.9520345075363832,1.4520345075363832,2.9040690150727664,numpy,5.7220458984375e-06,0.0011582374572753906,0.0011639595031738281,True,
Log Variance,numpy,numpy,2000,0.7,1.030560874275008,0.33056087427500813,0.4722298203928688,numpy,1.0967254638671875e-05,0.0017473697662353516,0.0017583370208740234,True,
Log Variance,numpy,numpy,2000,0.9,1.1780956934113642,0.2780956934113642,0.30899521490151577,numpy,1.049041748046875e-05,0.0013394355773925781,0.0013499259948730469,True,
Log Variance,numba,numba,500,0.3,-0.052635216986600675,0.35263521698660066,1.1754507232886688,numpy,1.0251998901367188e-05,0.001155853271484375,0.0011661052703857422,True,
Log Variance,numba,numba,500,0.5,1.620911771046637,1.120911771046637,2.241823542093274,numpy,7.62939453125e-06,0.0011544227600097656,0.0011620521545410156,True,
Log Variance,numba,numba,500,0.7,1.0299299813880327,0.32992998138803276,0.4713285448400468,numpy,2.1457672119140625e-05,0.0011963844299316406,0.0012178421020507812,True,
Log Variance,numba,numba,500,0.9,2.2341106217173543,1.3341106217173544,1.482345135241505,numpy,1.5497207641601562e-05,0.0013442039489746094,0.001359701156616211,True,
Log Variance,numba,numba,1000,0.3,0.00117167212283803,0.29882832787716196,0.9960944262572066,numpy,1.3113021850585938e-05,0.001173257827758789,0.001186370849609375,True,
Log Variance,numba,numba,1000,0.5,1.9798228107493367,1.4798228107493367,2.9596456214986735,numpy,5.7220458984375e-06,0.001058816909790039,0.0010645389556884766,True,
Log Variance,numba,numba,1000,0.7,0.9430026723025715,0.24300267230257155,0.3471466747179594,numpy,1.2874603271484375e-05,0.001710653305053711,0.0017235279083251953,True,
Log Variance,numba,numba,1000,0.9,1.64082120707491,0.74082120707491,0.8231346745276777,numpy,8.821487426757812e-06,0.0012645721435546875,0.0012733936309814453,True,
Log Variance,numba,numba,2000,0.3,-0.3069585668625273,0.6069585668625272,2.023195222875091,numpy,8.58306884765625e-06,0.0015506744384765625,0.0015592575073242188,True,
Log Variance,numba,numba,2000,0.5,2.176080957010647,1.676080957010647,3.352161914021294,numpy,5.7220458984375e-06,0.0012118816375732422,0.0012176036834716797,True,
Log Variance,numba,numba,2000,0.7,1.030560874275008,0.33056087427500813,0.4722298203928688,numpy,8.106231689453125e-06,0.0014984607696533203,0.0015065670013427734,True,
Log Variance,numba,numba,2000,0.9,1.1780956934113642,0.2780956934113642,0.30899521490151577,numpy,2.002716064453125e-05,0.0015873908996582031,0.0016074180603027344,True,
Log Variance,jax,jax,500,0.3,-0.052635216986600675,0.35263521698660066,1.1754507232886688,numpy,1.52587890625e-05,0.002044200897216797,0.002059459686279297,True,
Log Variance,jax,jax,500,0.5,1.7758499277062596,1.2758499277062596,2.551699855412519,numpy,6.4373016357421875e-06,0.001371145248413086,0.0013775825500488281,True,
Log Variance,jax,jax,500,0.7,1.0299299813880327,0.32992998138803276,0.4713285448400468,numpy,1.1682510375976562e-05,0.0017402172088623047,0.0017518997192382812,True,
Log Variance,jax,jax,500,0.9,2.2341106217173543,1.3341106217173544,1.482345135241505,numpy,1.2159347534179688e-05,0.0018346309661865234,0.0018467903137207031,True,
Log Variance,jax,jax,1000,0.3,0.00117167212283803,0.29882832787716196,0.9960944262572066,numpy,9.298324584960938e-06,0.0014994144439697266,0.0015087127685546875,True,
Log Variance,jax,jax,1000,0.5,2.0738081306941805,1.5738081306941805,3.147616261388361,numpy,4.76837158203125e-06,0.0016036033630371094,0.0016083717346191406,True,
Log Variance,jax,jax,1000,0.7,0.9430026723025715,0.24300267230257155,0.3471466747179594,numpy,2.09808349609375e-05,0.0017375946044921875,0.001758575439453125,True,
Log Variance,jax,jax,1000,0.9,1.64082120707491,0.74082120707491,0.8231346745276777,numpy,1.049041748046875e-05,0.0016558170318603516,0.0016663074493408203,True,
Log Variance,jax,jax,2000,0.3,-0.3069585668625273,0.6069585668625272,2.023195222875091,numpy,2.09808349609375e-05,0.0023221969604492188,0.0023431777954101562,True,
Log Variance,jax,jax,2000,0.5,2.0966096614105347,1.5966096614105347,3.1932193228210695,numpy,5.245208740234375e-06,0.001875162124633789,0.0018804073333740234,True,
Log Variance,jax,jax,2000,0.7,1.030560874275008,0.33056087427500813,0.4722298203928688,numpy,9.5367431640625e-06,0.0018613338470458984,0.001870870590209961,True,
Log Variance,jax,jax,2000,0.9,1.1780956934113642,0.2780956934113642,0.30899521490151577,numpy,1.3828277587890625e-05,0.002463102340698242,0.002476930618286133,True,
MFDFA,numpy,numpy,500,0.3,0.02220546604747132,0.2777945339525287,0.9259817798417623,numpy,8.678436279296875e-05,0.2144784927368164,0.21456527709960938,True,
MFDFA,numpy,numpy,500,0.5,0.5756568976279145,0.0756568976279145,0.151313795255829,numpy,5.0067901611328125e-05,0.20630407333374023,0.20635414123535156,True,
MFDFA,numpy,numpy,500,0.7,0.1790434687426951,0.5209565312573048,0.744223616081864,numpy,7.224082946777344e-05,0.2179865837097168,0.21805882453918457,True,
MFDFA,numpy,numpy,500,0.9,0.5717429663540703,0.32825703364592973,0.3647300373843664,numpy,0.00010728836059570312,0.2446277141571045,0.2447350025177002,True,
MFDFA,numpy,numpy,1000,0.3,0.019631746663477504,0.2803682533365225,0.934560844455075,numpy,9.965896606445312e-05,0.442920446395874,0.4430201053619385,True,
MFDFA,numpy,numpy,1000,0.5,0.5179349339496011,0.017934933949601106,0.03586986789920221,numpy,4.744529724121094e-05,0.4079318046569824,0.40797924995422363,True,
MFDFA,numpy,numpy,1000,0.7,0.1966633879915913,0.5033366120084086,0.7190523028691552,numpy,8.034706115722656e-05,0.43259286880493164,0.43267321586608887,True,
MFDFA,numpy,numpy,1000,0.9,0.5632686495546713,0.33673135044532876,0.3741459449392542,numpy,8.726119995117188e-05,0.4161708354949951,0.4162580966949463,True,
MFDFA,numpy,numpy,2000,0.3,0.01490724033766952,0.2850927596623305,0.950309198874435,numpy,8.630752563476562e-05,0.8758628368377686,0.8759491443634033,True,
MFDFA,numpy,numpy,2000,0.5,0.5325336539756917,0.032533653975691745,0.06506730795138349,numpy,9.72747802734375e-05,0.851780891418457,0.8518781661987305,True,
MFDFA,numpy,numpy,2000,0.7,0.18948064785247612,0.5105193521475239,0.7293133602107484,numpy,0.00012612342834472656,0.8663876056671143,0.866513729095459,True,
MFDFA,numpy,numpy,2000,0.9,0.14441876408201132,0.7555812359179888,0.8395347065755431,numpy,8.440017700195312e-05,0.8489811420440674,0.8490655422210693,True,
MFDFA,numba,numba,500,0.3,0.02220546604747132,0.2777945339525287,0.9259817798417623,numpy,6.413459777832031e-05,0.21523118019104004,0.21529531478881836,True,
MFDFA,numba,numba,500,0.5,0.5117788312400271,0.011778831240027099,0.023557662480054198,numpy,4.220008850097656e-05,0.20993852615356445,0.20998072624206543,True,
MFDFA,numba,numba,500,0.7,0.1790434687426951,0.5209565312573048,0.744223616081864,numpy,7.581710815429688e-05,0.21286320686340332,0.21293902397155762,True,
MFDFA,numba,numba,500,0.9,0.5717429663540703,0.32825703364592973,0.3647300373843664,numpy,9.012222290039062e-05,0.21518731117248535,0.21527743339538574,True,
MFDFA,numba,numba,1000,0.3,0.019631746663477504,0.2803682533365225,0.934560844455075,numpy,7.796287536621094e-05,0.43543386459350586,0.43551182746887207,True,
MFDFA,numba,numba,1000,0.5,0.46767885086489014,0.03232114913510986,0.06464229827021972,numpy,3.8623809814453125e-05,0.42661142349243164,0.4266500473022461,True,
MFDFA,numba,numba,1000,0.7,0.1966633879915913,0.5033366120084086,0.7190523028691552,numpy,6.437301635742188e-05,0.4433257579803467,0.4433901309967041,True,
MFDFA,numba,numba,1000,0.9,0.5632686495546713,0.33673135044532876,0.3741459449392542,numpy,9.679794311523438e-05,0.43714189529418945,0.4372386932373047,True,
MFDFA,numba,numba,2000,0.3,0.01490724033766952,0.2850927596623305,0.950309198874435,numpy,7.486343383789062e-05,0.827582597732544,0.8276574611663818,True,
MFDFA,numba,numba,2000,0.5,0.4884745118566276,0.011525488143372398,0.023050976286744795,numpy,3.790855407714844e-05,0.7751939296722412,0.7752318382263184,True,
MFDFA,numba,numba,2000,0.7,0.18948064785247612,0.5105193521475239,0.7293133602107484,numpy,5.841255187988281e-05,0.8442449569702148,0.8443033695220947,True,
MFDFA,numba,numba,2000,0.9,0.14441876408201132,0.7555812359179888,0.8395347065755431,numpy,7.534027099609375e-05,0.8355636596679688,0.8356389999389648,True,
MFDFA,jax,jax,500,0.3,0.02220546604747132,0.2777945339525287,0.9259817798417623,numpy,6.103515625e-05,0.2027907371520996,0.2028517723083496,True,
MFDFA,jax,jax,500,0.5,0.5504984153325081,0.050498415332508095,0.10099683066501619,numpy,3.7670135498046875e-05,0.19264554977416992,0.19268321990966797,True,
MFDFA,jax,jax,500,0.7,0.1790434687426951,0.5209565312573048,0.744223616081864,numpy,5.817413330078125e-05,0.20106196403503418,0.20112013816833496,True,
MFDFA,jax,jax,500,0.9,0.5717429663540703,0.32825703364592973,0.3647300373843664,numpy,0.00010085105895996094,0.20114660263061523,0.2012474536895752,True,
MFDFA,jax,jax,1000,0.3,0.019631746663477504,0.2803682533365225,0.934560844455075,numpy,6.914138793945312e-05,0.3958139419555664,0.39588308334350586,True,
MFDFA,jax,jax,1000,0.5,0.46824195456565654,0.03175804543434346,0.06351609086868693,numpy,3.814697265625e-05,0.381087064743042,0.38112521171569824,True,
MFDFA,jax,jax,1000,0.7,0.1966633879915913,0.5033366120084086,0.7190523028691552,numpy,5.7220458984375e-05,0.39870619773864746,0.39876341819763184,True,
MFDFA,jax,jax,1000,0.9,0.5632686495546713,0.33673135044532876,0.3741459449392542,numpy,8.916854858398438e-05,0.39731383323669434,0.3974030017852783,True,
MFDFA,jax,jax,2000,0.3,0.01490724033766952,0.2850927596623305,0.950309198874435,numpy,7.104873657226562e-05,0.798591136932373,0.7986621856689453,True,
MFDFA,jax,jax,2000,0.5,0.4546954771005086,0.045304522899491384,0.09060904579898277,numpy,4.863739013671875e-05,0.8003408908843994,0.8003895282745361,True,
MFDFA,jax,jax,2000,0.7,0.18948064785247612,0.5105193521475239,0.7293133602107484,numpy,0.0001468658447265625,0.826737642288208,0.8268845081329346,True,
MFDFA,jax,jax,2000,0.9,0.14441876408201132,0.7555812359179888,0.8395347065755431,numpy,0.00015044212341308594,0.8435189723968506,0.8436694145202637,True,
Wavelet Leaders,numpy,numpy,500,0.3,0.024116066250106382,0.2758839337498936,0.9196131124996454,numpy,8.416175842285156e-05,0.023963451385498047,0.0240476131439209,True,
Wavelet Leaders,numpy,numpy,500,0.5,0.020201247398079648,0.47979875260192034,0.9595975052038407,numpy,4.267692565917969e-05,0.026851892471313477,0.026894569396972656,True,
Wavelet Leaders,numpy,numpy,500,0.7,0.10136392130741899,0.598636078692581,0.8551943981322585,numpy,6.699562072753906e-05,0.024232864379882812,0.02429986000061035,True,
Wavelet Leaders,numpy,numpy,500,0.9,0.06525665790965855,0.8347433420903415,0.9274926023226017,numpy,8.559226989746094e-05,0.02777552604675293,0.02786111831665039,True,
Wavelet Leaders,numpy,numpy,1000,0.3,0.012434796134135267,0.2875652038658647,0.9585506795528824,numpy,8.249282836914062e-05,0.045163631439208984,0.045246124267578125,True,
Wavelet Leaders,numpy,numpy,1000,0.5,0.06440664578738124,0.43559335421261874,0.8711867084252375,numpy,3.5762786865234375e-05,0.0412290096282959,0.04126477241516113,True,
Wavelet Leaders,numpy,numpy,1000,0.7,0.19743775923631987,0.5025622407636801,0.7179460582338287,numpy,6.67572021484375e-05,0.042487382888793945,0.04255414009094238,True,
Wavelet Leaders,numpy,numpy,1000,0.9,0.1875949875255956,0.7124050124744044,0.7915611249715604,numpy,0.0001518726348876953,0.04210710525512695,0.04225897789001465,True,
Wavelet Leaders,numpy,numpy,2000,0.3,0.004589412878645655,0.2954105871213543,0.9847019570711811,numpy,7.343292236328125e-05,0.07897019386291504,0.07904362678527832,True,
Wavelet Leaders,numpy,numpy,2000,0.5,0.045449528797948426,0.45455047120205155,0.9091009424041031,numpy,4.2438507080078125e-05,0.07608795166015625,0.07613039016723633,True,
Wavelet Leaders,numpy,numpy,2000,0.7,0.04805309768589319,0.6519469023141068,0.9313527175915812,numpy,5.817413330078125e-05,0.07904648780822754,0.07910466194152832,True,
Wavelet Leaders,numpy,numpy,2000,0.9,0.0899013147163374,0.8100986852836626,0.9001096503151806,numpy,6.556510925292969e-05,0.07883739471435547,0.0789029598236084,True,
Wavelet Leaders,numba,numba,500,0.3,0.024116066250106382,0.2758839337498936,0.9196131124996454,numpy,6.890296936035156e-05,0.02454853057861328,0.024617433547973633,True,
Wavelet Leaders,numba,numba,500,0.5,0.026210728444696435,0.4737892715553036,0.9475785431106072,numpy,3.743171691894531e-05,0.02339935302734375,0.023436784744262695,True,
Wavelet Leaders,numba,numba,500,0.7,0.10136392130741899,0.598636078692581,0.8551943981322585,numpy,0.00011110305786132812,0.026956796646118164,0.027067899703979492,True,
Wavelet Leaders,numba,numba,500,0.9,0.06525665790965855,0.8347433420903415,0.9274926023226017,numpy,8.726119995117188e-05,0.025389909744262695,0.025477170944213867,True,
Wavelet Leaders,numba,numba,1000,0.3,0.012434796134135267,0.2875652038658647,0.9585506795528824,numpy,7.05718994140625e-05,0.040528297424316406,0.04059886932373047,True,
Wavelet Leaders,numba,numba,1000,0.5,0.013369219859704922,0.4866307801402951,0.9732615602805902,numpy,3.337860107421875e-05,0.03913736343383789,0.03917074203491211,True,
Wavelet Leaders,numba,numba,1000,0.7,0.19743775923631987,0.5025622407636801,0.7179460582338287,numpy,6.961822509765625e-05,0.04068350791931152,0.04075312614440918,True,
Wavelet Leaders,numba,numba,1000,0.9,0.1875949875255956,0.7124050124744044,0.7915611249715604,numpy,5.9604644775390625e-05,0.040632009506225586,0.04069161415100098,True,
Wavelet Leaders,numba,numba,2000,0.3,0.004589412878645655,0.2954105871213543,0.9847019570711811,numpy,7.867813110351562e-05,0.07596898078918457,0.07604765892028809,True,
Wavelet Leaders,numba,numba,2000,0.5,0.01537332193725839,0.4846266780627416,0.9692533561254832,numpy,3.886222839355469e-05,0.0725090503692627,0.07254791259765625,True,
Wavelet Leaders,numba,numba,2000,0.7,0.04805309768589319,0.6519469023141068,0.9313527175915812,numpy,8.20159912109375e-05,0.07922554016113281,0.07930755615234375,True,
Wavelet Leaders,numba,numba,2000,0.9,0.0899013147163374,0.8100986852836626,0.9001096503151806,numpy,6.67572021484375e-05,0.0742805004119873,0.07434725761413574,True,
Wavelet Leaders,jax,jax,500,0.3,0.024116066250106382,0.2758839337498936,0.9196131124996454,numpy,0.00010061264038085938,0.024915456771850586,0.025016069412231445,True,
Wavelet Leaders,jax,jax,500,0.5,0.048175979812433836,0.4518240201875662,0.9036480403751324,numpy,5.1021575927734375e-05,0.02434563636779785,0.024396657943725586,True,
Wavelet Leaders,jax,jax,500,0.7,0.10136392130741899,0.598636078692581,0.8551943981322585,numpy,6.318092346191406e-05,0.02426743507385254,0.024330615997314453,True,
Wavelet Leaders,jax,jax,500,0.9,0.06525665790965855,0.8347433420903415,0.9274926023226017,numpy,8.7738037109375e-05,0.023813724517822266,0.02390146255493164,True,
Wavelet Leaders,jax,jax,1000,0.3,0.012434796134135267,0.2875652038658647,0.9585506795528824,numpy,6.604194641113281e-05,0.040544986724853516,0.04061102867126465,True,
Wavelet Leaders,jax,jax,1000,0.5,0.17042555357694816,0.32957444642305184,0.6591488928461037,numpy,3.838539123535156e-05,0.03895926475524902,0.038997650146484375,True,
Wavelet Leaders,jax,jax,1000,0.7,0.19743775923631987,0.5025622407636801,0.7179460582338287,numpy,7.557868957519531e-05,0.040924787521362305,0.0410003662109375,True,
Wavelet Leaders,jax,jax,1000,0.9,0.1875949875255956,0.7124050124744044,0.7915611249715604,numpy,8.869171142578125e-05,0.04070258140563965,0.04079127311706543,True,
Wavelet Leaders,jax,jax,2000,0.3,0.004589412878645655,0.2954105871213543,0.9847019570711811,numpy,6.198883056640625e-05,0.07462286949157715,0.07468485832214355,True,
Wavelet Leaders,jax,jax,2000,0.5,0.06106326885197266,0.43893673114802734,0.8778734622960547,numpy,3.7670135498046875e-05,0.07270479202270508,0.07274246215820312,True,
Wavelet Leaders,jax,jax,2000,0.7,0.04805309768589319,0.6519469023141068,0.9313527175915812,numpy,0.00011181831359863281,0.0762171745300293,0.07632899284362793,True,
Wavelet Leaders,jax,jax,2000,0.9,0.0899013147163374,0.8100986852836626,0.9001096503151806,numpy,8.273124694824219e-05,0.076507568359375,0.07659029960632324,True,
