benchmark_type,model,length,realization,estimator,hurst_parameter,execution_time,success,r_squared,slope,intercept,p_value,std_error,block_sizes,rs_values,log_block_sizes,log_rs_values,confidence_interval,method,optimization_framework,absolute_error,squared_error,param_H,scales,fluctuation_values,log_scales,log_fluctuations,window_sizes,fractal_dimension,k_values,curve_lengths,log_k_values,log_curve_lengths,generalized_hurst_exponents,q_values,tau_values,moments,std_errors,backend_used,data_length,n_tau,n_q,d_parameter,m,log_regressor,log_periodogram,frequency,periodogram,beta,log_freq,log_psd,scale_parameter,optimization_success,frequencies,wavelet_type,scale_powers,power_log_variances,bias_correction,wavelet_variances,scale_logs,log_variance_values,q_orders,h_qs,tau_qs,alpha,f_alpha,fluctuations,width,peak_location
Classical,fgn,512,0,RS,0.7769776322406765,1.9156014919281006,True,0.9955673904886578,0.7769776322406765,-0.6988322089418291,1.0574685216397444e-10,0.018329808531642615,"[10, 13, 17, 23, 31, 41, 54, 72, 96, 127]","[3.1495628296234535, 3.756309038079072, 4.488692972405569, 5.425126210699381, 6.60890616667663, 8.820099385306742, 10.934841972284245, 13.951352246773821, 16.926235066405276, 22.919453747504964]","[2.302585092994046, 2.5649493574615367, 2.833213344056216, 3.1354942159291497, 3.4339872044851463, 3.713572066704308, 3.9889840465642745, 4.276666119016055, 4.564348191467836, 4.844187086458591]","[1.1472636589595944, 1.3234368364701308, 1.501561561917289, 1.6910411638009528, 1.8884181585779678, 2.1770331381305823, 2.391954202472797, 2.6355764388220604, 2.828864789040246, 3.1319860585566364]","[0.7347090179692081, 0.819246246512145]",rs_analysis,jax,0.07697763224067655,0.005925555865380846,0.7,,,,,,,,,,,,,,,,,,,,,,,,,,,,,,,,,,,,,,,,,,,,,,
Classical,fgn,512,0,DFA,0.7559843801675745,1.5933027267456055,True,0.9813297269630596,0.7559843801675745,-1.9287021506935402,3.347573580358216e-08,0.03686682063535033,,,,,,jax,jax,0.055984380167574566,0.0031342508227475163,0.7,"[10, 13, 17, 23, 31, 41, 54, 72, 96, 127]","[0.8864814800573213, 1.0208087934231045, 1.2622374345851801, 1.4727233467933356, 1.5692319833235686, 2.673548683584183, 2.96634985386115, 3.906552328109656, 4.791291669816247, 5.468364816299767]","[2.302585092994046, 2.5649493574615367, 2.833213344056216, 3.1354942159291497, 3.4339872044851463, 3.713572066704308, 3.9889840465642745, 4.276666119016055, 4.564348191467836, 4.844187086458591]","[-0.12049504476638795, 0.02059524781805761, 0.2328858879322786, 0.3871133036788031, 0.4505863170749225, 0.9834066849226141, 1.0873321915341172, 1.362655227503731, 1.5668000347405528, 1.6989796350523259]",,,,,,,,,,,,,,,,,,,,,,,,,,,,,,,,,,,,,,,,,,
Classical,fgn,512,0,DMA,0.7497921801114313,0.6989004611968994,True,0.9963224441957826,0.7497921801114313,-0.8059574113074315,5.0088153123610024e-11,0.0161055511723121,,,,,"[0.7126527125083373, 0.7869316477145254]",jax,jax,0.04979218011143138,0.002479261200249223,0.7,"[4, 5, 8, 12, 18, 27, 40, 59, 87, 127]","[1.1806292407402081, 1.440137603394179, 2.122256310163079, 2.967945054537552, 4.129584177775187, 5.673864304025731, 7.538226178797503, 9.57589272162337, 12.163102566727527, 15.61599244375089]","[1.3862943611198906, 1.6094379124341003, 2.0794415416798357, 2.4849066497880004, 2.8903717578961645, 3.295836866004329, 3.6888794541139363, 4.07753744390572, 4.465908118654584, 4.844187086458591]","[0.16604755121230663, 0.3647386669351671, 0.7524798199678745, 1.0878698125116548, 1.4181767185566205, 1.7358704207016213, 2.019986899541721, 2.259248765354926, 2.4984069892840894, 2.7482955457919624]","[4, 5, 8, 12, 18, 27, 40, 59, 87, 127]",,,,,,,,,,,,,,,,,,,,,,,,,,,,,,,,,,,,,,,,,
Classical,fgn,512,0,Higuchi,0.7052437267936102,0.0031518936157226562,True,0.999188972279733,-1.2947562732063898,6.049273259282604,4.422766671560151e-12,0.013942255491743796,,,,,"{'hurst_parameter': (np.float64(0.6722755313359302), np.float64(0.7382119222512903)), 'fractal_dimension': (np.float64(1.2617880777487096), np.float64(1.32772446866407))}",higuchi_numpy,numpy,0.005243726793610293,2.749667068602648e-05,0.7,,,,,,1.2947562732063898,"[2, 3, 4, 5, 6, 8, 9, 11, 13]","[1.4062902785990876, 1.7943798583114228, 2.156727092046908, 2.511189707419411, 2.866789855378155, 3.561391268465852, 3.939508282169404, 4.563055531625424, 5.180284306083805]","[0.6931471805599453, 1.0986122886681098, 1.3862943611198906, 1.6094379124341003, 1.791759469228055, 2.0794415416798357, 2.1972245773362196, 2.3978952727983707, 2.5649493574615367]","[0.3409552291197541, 0.5846594794124367, 0.7685918374028569, 0.9207566278670141, 1.053192886474381, 1.2701512742680974, 1.371055914041643, 1.5179924718526767, 1.6448599401096102]",,,,,,,,,,,,,,,,,,,,,,,,,,,,,,,,,,,,
Classical,fgn,512,0,GHE,0.03491462479251865,2.4466261863708496,True,[0.54377115 0.61386623 0.62582757 0.59866926 0.55186118],,,,,,,,,,GHE,,0.6650853752074813,0.44233855631487623,0.7,,,,,,,,,,,[0.0356828  0.03491462 0.0349601  0.03529652 0.0357785 ],[1 2 3 4 5],"[ 2  3  4  5  6  7  8  9 10 11 12 13 14 15 16 17 18 19 20 21 22 23 24 25
 26 27 28 29 30 31 32 33 34 35 36 37 38 39 40 41 42 43 44 45 46 47 48 49
 50]","[[ 1.1204129   1.1513262   1.11739577  1.11999547  1.12983307  1.09347521
   1.12114522  1.13241869  1.12643568  1.15077919  1.19078446  1.18310654
   1.16976638  1.17205988  1.15337655  1.13006441  1.1387191   1.18111964
   1.19322123  1.17350168  1.16712681  1.15858555  1.24070517  1.21919304
   1.19305367  1.1663206   1.15064144  1.20706891  1.23824266  1.20073551
   1.21209314  1.21563215  1.20591764  1.17175352  1.23913256  1.22084666
   1.24357639  1.23421021  1.23003446  1.26722055  1.23274209  1.22961267
   1.23509018  1.18819853  1.22142329  1.2547743   1.26547661  1.15196893
   1.14520335]
 [ 1.95319512  2.04819494  1.95392353  1.97447138  1.96531699  1.86964225
   1.95020166  2.00834888  1.97690302  2.05336494  2.20282647  2.12899518
   2.21124488  2.1468629   2.09157047  2.02846531  2.04007218  2.17682075
   2.17766235  2.19965602  2.15520764  2.14239334  2.34306923  2.26846619
   2.18637491  2.18143958  2.15061462  2.24937821  2.31949568  2.22754119
   2.2626457   2.39240183  2.34933676  2.27941949  2.42205508  2.30043048
   2.4059465   2.37037419  2.37262384  2.40493617  2.36997748  2.30154947
   2.35305826  2.17893157  2.27716613  2.37925029  2.41095577  2.13755277
   2.016715  ]
 [ 4.25335077  4.44631921  4.28632942  4.38234251  4.21212476  4.04924983
   4.27840232  4.57196239  4.44551033  4.63332572  5.09253676  4.78691631
   5.33937327  4.96585795  4.84625886  4.70251984  4.71988163  5.15398922
   4.8998193   5.20365738  5.10688375  5.1003282   5.42852971  5.21052769
   4.99590768  5.21239486  5.08496965  5.23879669  5.34049078  5.07708152
   5.28892416  6.07986792  5.85733764  5.69803351  6.06543479  5.42871465
   5.91678353  5.65357605  5.75597117  5.69574025  5.75369246  5.36892158
   5.54919039  5.03298416  5.37506135  5.64000873  5.69738428  4.98714259
   4.4584586 ]
 [10.74750402 10.89195642 10.83942498 11.27467855 10.23587164 10.24965308
  10.94109941 12.40981042 11.86054838 12.31260297 13.54776872 12.421494
  15.08477932 13.30194213 13.20822176 12.91277651 12.97605026 14.45112259
  12.54347182 14.33007646 14.34764007 14.41796331 14.32640564 13.68079581
  13.27858024 14.77967863 13.9402807  14.06822823 14.09849221 13.17556226
  14.28996929 18.14331611 17.14796996 16.57719865 17.79813998 14.82222268
  17.02295566 15.4725898  16.08293002 15.77954965 16.4969935  14.4100273
  15.07473067 13.5668274  15.00611695 15.44654943 15.50979533 13.45517769
  11.41989271]
 [30.33155173 28.94193635 30.28466094 32.24778547 27.05983649 29.00550691
  31.19344386 38.58855072 35.94280914 37.15482753 39.72244074 35.59761434
  47.62222801 39.30013552 40.55562064 40.15120734 40.18300949 45.53445936
  35.09593774 44.03471928 45.87600981 46.25014041 41.42653577 39.52283812
  39.71585112 48.03590773 42.48940879 41.7800808  41.15103422 37.56171056
  42.81853947 60.47083886 56.23909639 53.41510693 58.20239881 44.83587281
  54.54372467 46.86381922 49.66443174 49.15245468 53.64739461 42.80474062
  45.46701722 40.90824861 47.71348348 46.83471103 46.83692463 40.24441842
  32.48771112]]",[0.00476753 0.00403915 0.00394305 0.00421542 0.00470289],numba,512.0,49.0,5.0,,,,,,,,,,,,,,,,,,,,,,,,,,,
Classical,fgn,512,0,GPH,0.99,0.5547628402709961,True,0.2746877826670264,-0.4252967422412151,-0.8501904655684596,,,,,,,,jax,jax,0.29000000000000004,0.08410000000000002,0.7,,,,,,,,,,,,,,,,,,,,0.5055848466272197,18.0,"[-8.80090767 -7.41465096 -6.60378349 -6.0285072  -5.58233305 -5.21782799
 -4.9096898  -4.64281529 -4.4074626  -4.19698007 -4.00662333 -3.83288932
 -3.67311778 -3.52524083 -3.38761923 -3.25893147 -3.13809665 -3.02421941]","[ 2.64131947  3.08144823  0.96761144  0.86773681  1.68000485  3.35490523
 -0.26709274  2.29141176  2.41166025 -0.51314912  1.50575928  0.73811799
  1.11735184  0.44593733  0.03564026 -1.57132136  0.69911386  1.63750359]","[0.00195312 0.00390625 0.00585938 0.0078125  0.00976562 0.01171875
 0.01367188 0.015625   0.01757812 0.01953125 0.02148438 0.0234375
 0.02539062 0.02734375 0.02929688 0.03125    0.03320312 0.03515625]","[14.03170576 21.78993636  2.63165109  2.38151492  5.36558199 28.64288949
  0.76560207  9.88888856 11.15246162  0.59860752  4.50757485  2.09199466
  3.05674872  1.56195358  1.03628299  0.20777046  2.01196902  5.14231613]",,,,,,,,,,,,,,,,,,,,,
Classical,fgn,512,0,Periodogram,0.7400105946245437,0.2648155689239502,True,0.9603442326278346,-0.4800211892490873,-0.44643820970396764,0.12762811516525885,0.0975439013143226,,,,,,periodogram,jax,0.040010594624543705,0.0016008476822095656,0.7,,,,,,,,,,,,,,,,,,,,,3.0,,,[0.015625 0.03125  0.046875],[4.81987682 3.17503265 2.89097144],0.4800211892490873,[-4.15888308 -3.4657359  -3.06027079],[1.57274837 1.15531791 1.06159258],,,,,,,,,,,,,,,,,,
Classical,fgn,512,0,Whittle,0.7116400061971733,0.31022095680236816,True,,,,,,,,,,,Whittle_JAX,jax,0.011640006197173314,0.00013548974427023315,0.7,,,,,,,,,,,,,,,,,,,,,,,,,,,,,4.641087741102485,True,"[0.01171875, 0.013671875, 0.015625, 0.017578125, 0.01953125, 0.021484375, 0.0234375, 0.025390625, 0.02734375, 0.029296875, 0.03125, 0.033203125, 0.03515625, 0.037109375, 0.0390625, 0.041015625, 0.04296875, 0.044921875, 0.046875, 0.048828125, 0.05078125, 0.052734375, 0.0546875, 0.056640625, 0.05859375, 0.060546875, 0.0625, 0.064453125, 0.06640625, 0.068359375, 0.0703125, 0.072265625, 0.07421875, 0.076171875, 0.078125, 0.080078125, 0.08203125, 0.083984375, 0.0859375, 0.087890625, 0.08984375, 0.091796875, 0.09375, 0.095703125, 0.09765625, 0.099609375, 0.1015625, 0.103515625, 0.10546875, 0.107421875, 0.109375, 0.111328125, 0.11328125, 0.115234375, 0.1171875, 0.119140625, 0.12109375, 0.123046875, 0.125, 0.126953125, 0.12890625, 0.130859375, 0.1328125, 0.134765625, 0.13671875, 0.138671875, 0.140625, 0.142578125, 0.14453125, 0.146484375, 0.1484375, 0.150390625, 0.15234375, 0.154296875, 0.15625, 0.158203125, 0.16015625, 0.162109375, 0.1640625, 0.166015625, 0.16796875, 0.169921875, 0.171875, 0.173828125, 0.17578125, 0.177734375, 0.1796875, 0.181640625, 0.18359375, 0.185546875, 0.1875, 0.189453125, 0.19140625, 0.193359375, 0.1953125, 0.197265625, 0.19921875, 0.201171875, 0.203125, 0.205078125, 0.20703125, 0.208984375, 0.2109375, 0.212890625, 0.21484375, 0.216796875, 0.21875, 0.220703125, 0.22265625, 0.224609375, 0.2265625, 0.228515625, 0.23046875, 0.232421875, 0.234375, 0.236328125, 0.23828125, 0.240234375, 0.2421875, 0.244140625, 0.24609375, 0.248046875, 0.25, 0.251953125, 0.25390625, 0.255859375, 0.2578125, 0.259765625, 0.26171875, 0.263671875, 0.265625, 0.267578125, 0.26953125, 0.271484375, 0.2734375, 0.275390625, 0.27734375, 0.279296875, 0.28125, 0.283203125, 0.28515625, 0.287109375, 0.2890625, 0.291015625, 0.29296875, 0.294921875, 0.296875, 0.298828125, 0.30078125, 0.302734375, 0.3046875, 0.306640625, 0.30859375, 0.310546875, 0.3125, 0.314453125, 0.31640625, 0.318359375, 0.3203125, 0.322265625, 0.32421875, 0.326171875, 0.328125, 0.330078125, 0.33203125, 0.333984375, 0.3359375, 0.337890625, 0.33984375, 0.341796875, 0.34375, 0.345703125, 0.34765625, 0.349609375, 0.3515625, 0.353515625, 0.35546875, 0.357421875, 0.359375, 0.361328125, 0.36328125, 0.365234375, 0.3671875, 0.369140625, 0.37109375, 0.373046875, 0.375, 0.376953125, 0.37890625, 0.380859375, 0.3828125, 0.384765625, 0.38671875, 0.388671875, 0.390625, 0.392578125, 0.39453125, 0.396484375, 0.3984375, 0.400390625, 0.40234375, 0.404296875, 0.40625, 0.408203125, 0.41015625, 0.412109375, 0.4140625, 0.416015625, 0.41796875, 0.419921875, 0.421875, 0.423828125, 0.42578125, 0.427734375, 0.4296875, 0.431640625, 0.43359375, 0.435546875, 0.4375, 0.439453125, 0.44140625, 0.443359375, 0.4453125, 0.447265625, 0.44921875, 0.451171875, 0.453125, 0.455078125, 0.45703125, 0.458984375, 0.4609375, 0.462890625, 0.46484375, 0.466796875, 0.46875, 0.470703125, 0.47265625, 0.474609375, 0.4765625, 0.478515625, 0.48046875, 0.482421875, 0.484375, 0.486328125, 0.48828125, 0.490234375, 0.4921875, 0.494140625, 0.49609375, 0.498046875, 0.5]",,,,,,,,,,,,,,,
Classical,fgn,512,0,CWT,0.7052622504569587,1.6891050338745117,True,0.6130919391793483,0.4105245009139174,-2.9366927502744615,,,,,,,"(0.6972328289749576, 0.7132916719389597)",jax,jax,0.005262250456958717,2.7691279871762226e-05,0.7,"[2.0, 2.3252588129617253, 2.703414273628086, 3.143068932420114, 3.654224367428036, 4.248508707450764, 4.939441156972259, 5.742739540677802, 6.676677863752414, 7.762502021998383, 9.02491311864248, 10.492629382668657, 12.19903947159572, 14.182962020497948, 16.489528716032144, 19.171210984269603, 22.28901364816076, 25.91386270880499, 30.128218820764506, 35.02795316591101, 40.72452839952256, 47.347534282349955, 55.047635681020815, 64.0]",,,,,,,,,,,,,,,,,,,,,,,,,,,,,,,morl,"{2.0: 0.11433571264103749, 2.3252588129617253: 0.16564891197838877, 2.703414273628086: 0.17671108087176662, 3.143068932420114: 0.2257675952280738, 3.654224367428036: 0.2700790537012988, 4.248508707450764: 0.29176507283683684, 4.939441156972259: 0.32635512634037694, 5.742739540677802: 0.35459757750924453, 6.676677863752414: 0.37987936837967656, 7.762502021998383: 0.4481847097103496, 9.02491311864248: 0.4594999334877506, 10.492629382668657: 0.33336976254816125, 12.19903947159572: 0.26431113625634367, 14.182962020497948: 0.33442930330396836, 16.489528716032144: 0.3440291889900279, 19.171210984269603: 0.3742251133706965, 22.28901364816076: 0.49660394432327204, 25.91386270880499: 0.5911112986536572, 30.128218820764506: 0.32720877471298115, 35.02795316591101: 0.2681134725351569, 40.72452839952256: 0.40766277560096814, 47.347534282349955: 0.6180786152214235, 55.047635681020815: 1.0626469879220994, 64.0: 1.1772747498046552}","[0.0036922383422137825, 0.005180854839811268, 0.006104744626202826, 0.0031677249229111627, 0.003616018775062932, 0.004083781764734949, 0.00424359459479426, 0.0038326351328904443, 0.0033486898475116747, 0.003928465390602442, 0.002824417560375929, 0.00269251418548075, 0.001408787176598403, 0.002848043687943198, 0.0035646152795986213, 0.0025089622884062203, 0.002779033790090759, 0.0027071241078053545, 0.004145172131910161, 0.0027808981228427017, 0.002539197354171213, 0.003463478941235232, 0.0028089101507103773, 0.0017778505999341482]",0.0,,,,,,,,,,,
Classical,fgn,512,0,WaveletVar,0.5902800573811626,0.578688383102417,True,0.2802907846799779,0.18056011476232528,-0.10822897627299408,,,,,,,,variance,jax,0.10971994261883733,0.012038465808280956,0.7,"[2, 3, 4, 5]",,,,,,,,,,,,,,,,,,,,,,,,,,,,,,,,,,,"{2: 1.159342269299384, 3: 1.6250804499008222, 4: 1.0293200433497114, 5: 2.256650694115904}",,,,,,,,,,
Classical,fgn,512,0,WaveletLogVar,0.5902800573811626,0.0013608932495117188,True,0.2802907846799779,0.18056011476232528,-0.10822897627299408,,,,,,,,log_variance,jax,0.10971994261883733,0.012038465808280956,0.7,"[2, 3, 4, 5]",,,,,,,,,,,,,,,,,,,,,,,,,,,,,,,,,,,"{2: 1.159342269299384, 3: 1.6250804499008222, 4: 1.0293200433497114, 5: 2.256650694115904}","[2.0, 3.0, 4.0, 5.0]","[np.float64(0.21330655195573853), np.float64(0.7005111407872506), np.float64(0.04169162476316406), np.float64(1.1741831217343626)]",,,,,,,,
Classical,fgn,512,0,MFDFA,,5.135645389556885,True,,,,,,,,,,,MFDFA,jax,,,0.7,"[10, 11, 12, 13, 14, 16, 17, 18, 20, 22, 24, 26, 28, 30, 33, 36, 39, 42, 45, 49, 53, 58, 63, 68, 74, 80, 86, 94, 101]",,,,,,,,,,,,,,,,,,,,,,,,,,,,,,,,,,,,,,"[-5.0, -4.5, -4.0, -3.5, -3.0, -2.5, -2.0, -1.5, -1.0, -0.5, 0.0, 0.5, 1.0, 1.5, 2.0, 2.5, 3.0, 3.5, 4.0, 4.5, 5.0]","[0.7004673250805821, 0.6978265635177365, 0.6959132195915997, 0.6950187308516903, 0.6954565536195116, 0.6975183978893059, 0.701406490994022, 0.7071508456181558, 0.714538141294336, 0.7230939652739371, 0.7321518106117302, 0.740996063336255, 0.7490140509797154, 0.7557915942462066, 0.7611337134865083, 0.7650311220656609, 0.7676020800398874, 0.769033041159267, 0.769531785787792, 0.7692973104466412, 0.7685044223954002]","[-4.5023366254029105, -4.140219535829814, -3.7836528783663987, -3.432565557980916, -3.086369660858535, -2.743795994723265, -2.4028129819880437, -2.0607262684272336, -1.714538141294336, -1.3615469826369686, -1.0, -0.6295019683318726, -0.2509859490202846, 0.13368739136930996, 0.5222674269730165, 0.9125778051641524, 1.3028062401196623, 1.6916156440574346, 2.078127143151168, 2.461837897009885, 2.8425221119770008]","[0.7242341791461921, 0.7186837470365117, 0.7076539778488984, 0.6972832175078638, 0.6887695632576509, 0.6835566788704912, 0.6830697262960315, 0.6882748406937078, 0.699179285790265, 0.7145381412943359, 0.732045014305096, 0.7490140509797154, 0.7631893597011825, 0.7732533759933011, 0.7788904137948425, 0.7805388131466457, 0.7790378388932822, 0.7753209030315058, 0.7702222529524505, 0.7643949688258327, 0.7613684299342314]","[0.8811657296719497, 0.9061426741655119, 0.9530369669708052, 0.9920742967033926, 1.0200609710855821, 1.034904297547037, 1.0366735293959808, 1.028314007386672, 1.015358855504071, 1.0042779119898007, 1.0, 1.0040089938217303, 1.014175308721467, 1.0261926726206418, 1.0355134006166684, 1.038769227702462, 1.0343072765601842, 1.0220075165528355, 1.002761868658634, 0.9779394627063622, 0.9643200376941561]","[[0.621463327940035, 0.6376094835542205, 0.6549914470865478, 0.6735056856678, 0.6929774776951692, 0.7131668557860484, 0.7337877266672921, 0.7545376234672627, 0.7751312709823432, 0.7953294926337859, 0.8149570222066509, 0.8339071797222525, 0.8521355783009176, 0.8696472353475839, 0.8864814800573213, 0.9026977853664134, 0.9183641355313724, 0.9335483751980732, 0.9483123234188449, 0.9627081751102665, 0.97677668550823], [0.6052491017184504, 0.6223136629708942, 0.6406970443612354, 0.6603048854789584, 0.6809733149111679, 0.7024716795827, 0.7245162603945041, 0.7467936414686354, 0.7689891115216955, 0.7908137839731026, 0.8120249452160488, 0.8324368783380156, 0.8519224880411576, 0.8704081149889038, 0.8878645551325891, 0.9042968683533975, 0.9197346960373142, 0.9342239749376191, 0.9478203368493606, 0.9605841353624726, 0.9725768787010124], [0.5755641294677082, 0.5935196989809873, 0.6137509172525651, 0.6364004850561185, 0.6615012963077762, 0.6889300284815567, 0.7183793100845084, 0.7493679344312342, 0.781297302077977, 0.8135404419987793, 0.8455320861515484, 0.876829001415696, 0.907128044563834, 0.9362499563633189, 0.9641067348760742, 0.9906684327734395, 1.0159378647565336, 1.0399349975726069, 1.0626890791271855, 1.0842355215725505, 1.1046149999176111], [0.6881236185760501, 0.7086735993996913, 0.7307730664284227, 0.7542901692077414, 0.7790007264223424, 0.8045951340075829, 0.830702507962233, 0.8569286204499834, 0.8828985001012462, 0.9082926059835816, 0.9328685312850651, 0.9564661810937899, 0.9789997528888973, 1.0004423602620802, 1.0208087934231043, 1.0401400594203842, 1.0584913459766885, 1.0759236165600674, 1.0924982904651606, 1.108274218328881, 1.1233062057854337], [0.7267329566564462, 0.7417904917913305, 0.7581515781163294, 0.7758593938132037, 0.7949251024149775, 0.8153203435532423, 0.8369727898990209, 0.8597664198049958, 0.8835472390433614, 0.9081337147515498, 0.9333297274058223, 0.9589371133220453, 0.9847652621458535, 1.010636550257572, 1.0363879580136361, 1.0618703266104432, 1.0869470026869847, 1.1114931874112344, 1.1353965227984777, 1.1585587120302556, 1.1808975363100276], [0.8179835662812094, 0.8360454558593216, 0.8552901725188615, 0.875699802008922, 0.8972293281595162, 0.9198051211794875, 0.9433251149501453, 0.9676607075528953, 0.9926602049772043, 1.0181535041123515, 1.0439576938839241, 1.069883293084378, 1.095740861399273, 1.1213476688708255, 1.1465340089691052, 1.1711486646886948, 1.1950630586401156, 1.2181737609567411, 1.2404032560876184, 1.2616991093061252, 1.282031858583611], [0.8740456819925532, 0.8948615353855272, 0.9169954509265732, 0.9404149508654212, 0.9650751184010072, 0.9909243736690597, 1.017908164580292, 1.0459680127966597, 1.0750344779999728, 1.1050146856547824, 1.1357774750559737, 1.1671410361145587, 1.198868196677739, 1.2306728184721698, 1.2622374345851801, 1.2932386022873248, 1.323374072820671, 1.3523857899656127, 1.3800746972152789, 1.4063061826457541, 1.431007431863237], [0.8931762973398266, 0.9088514273748739, 0.9257080852999451, 0.9437501504934185, 0.9629444153424456, 0.9832138242357117, 1.0044340604475155, 1.0264351344207554, 1.0490088564557003, 1.0719217618646149, 1.0949316064367618, 1.1178045513338632, 1.1403300503569864, 1.1623312615227972, 1.1836701304299255, 1.2042475770107168, 1.2240000512548403, 1.2428939928481242, 1.2609195598827225, 1.278084601852253, 1.2944094321994584], [0.9380943876561505, 0.9559815058680712, 0.9749223946838156, 0.9948882747759841, 1.0158188025494397, 1.0376196179362693, 1.0601632191260326, 1.083293823554173, 1.1068360565847017, 1.1306063490735387, 1.154425172493155, 1.1781280086436, 1.2015733390842396, 1.2246467753703691, 1.2472613978050717, 1.2693551091675719, 1.2908861753003722, 1.3118281254422555, 1.332164940345038, 1.3518871095151386, 1.3709888034670137], [0.9125218712866847, 0.9359735359436947, 0.960795087415115, 0.9869175094684914, 1.0142751905641907, 1.042821653085902, 1.0725409661316472, 1.1034504648655064, 1.1355921113297263, 1.1690124460229945, 1.203733973713408, 1.2397234859092305, 1.2768647032997098, 1.3149429385684623, 1.353647425048097, 1.3925924728627022, 1.4313530635521425, 1.4695062766548939, 1.5066690081691136, 1.5425249314371805, 1.576837930263082], [1.0965202485294965, 1.1164133310035198, 1.1381405880137585, 1.1618736426625482, 1.187798229079802, 1.2161141598338834, 1.247032594859824, 1.2807681743281487, 1.3175230495901815, 1.3574602244611789, 1.4006656814428946, 1.447102988726175, 1.4965698096971147, 1.548670471730773, 1.602818696706236, 1.6582772330074205, 1.7142283945765524, 1.7698579486712342, 1.8244310471166658, 1.8773444174250131, 1.9281494353034832], [1.1690783406165979, 1.1815914600873179, 1.1951943237069174, 1.21005388233606, 1.2263738228042107, 1.2444024590078855, 1.264440745673308, 1.28684878288965, 1.3120477840876608, 1.3405125846357744, 1.3727478022506672, 1.4092400032187846, 1.450381082135141, 1.4963672930431904, 1.5470942208593466, 1.6020839505301019, 1.6604832543013845, 1.7211502145345732, 1.7828085525326118, 1.8442189906264068, 1.9043158097540906], [1.2932166792830737, 1.3128525158623408, 1.334590887570443, 1.358712375220851, 1.385526654768605, 1.415365404434928, 1.4485671632208097, 1.4854508902620907, 1.5262758004379235, 1.571187985760445, 1.6201599490179281, 1.672936505710965, 1.7290060306611068, 1.7876145360140134, 1.8478285715890057, 1.9086351002080253, 1.969052122100108, 2.0282215837136657, 2.085466298590737, 2.140307687503554, 2.192452746314907], [1.268590068169445, 1.2906472404102363, 1.315109309285088, 1.342325656847219, 1.372697323193908, 1.406678621439763, 1.4447728892586553, 1.4875177696801767, 1.5354539741709188, 1.5890713172551525, 1.6487288929651436, 1.7145546645097745, 1.786343392916943, 1.8634854471563829, 1.944961919683754, 2.029424642594584, 2.1153471717958245, 2.2012035032980206, 2.2856241851407173, 2.3674965303164694, 2.446002167076013], [1.2775954691120757, 1.298442442225038, 1.3212292407945359, 1.3460850031334197, 1.3731124932745427, 1.4023744603578818, 1.4338794841020812, 1.4675694186448163, 1.5033110467709654, 1.5408944232209059, 1.5800393935849377, 1.620410055914454, 1.661635039817539, 1.7033301628467492, 1.7451198105007433, 1.7866542602405031, 1.8276216260348355, 1.867754488625637, 1.9068321636115022, 1.9446798604913964, 1.9811658702105641], [1.3070897700530781, 1.3403404317733958, 1.3766948825411356, 1.4160370556480661, 1.4580716430927507, 1.5023197070642396, 1.5481503475941316, 1.5948478654607972, 1.6416990648336482, 1.688075707367534, 1.7334893927221082, 1.777608806330299, 1.8202440135540154, 1.8613114448297017, 1.900794229507135, 1.9387082896096903, 1.9750789743138104, 2.0099285290272704, 2.0432721444353565, 2.0751194672892663, 2.10547867716893], [1.5391477445293007, 1.5691626468111877, 1.601248974614445, 1.635494883310487, 1.6719857872441206, 1.710796377485022, 1.7519760307981602, 1.7955272016757502, 1.841378613086057, 1.8893579288548836, 1.9391711523337039, 1.9903968067142452, 2.042500729155744, 2.0948719917900633, 2.146873862126181, 2.197898855615859, 2.2474161712476377, 2.295003229722241, 2.340358578630697, 2.383298439003312, 2.423742002386782], [1.4262624020284396, 1.449630708632896, 1.4756225955538231, 1.5046282151372201, 1.537071728913734, 1.57338841193649, 1.6139835262391533, 1.6591693246221875, 1.7090821730147974, 1.7635922694205808, 1.8222313003885422, 1.8841708643523354, 1.948276557343987, 2.0132363746174344, 2.0777297798216927, 2.1405865040623038, 2.20089318688257, 2.258032714656614, 2.3116668534520026, 2.361685324942163, 2.408143806634799], [1.7477898490614798, 1.7752002693524842, 1.8069015844978873, 1.8438367299568488, 1.8871322511406075, 1.9380840053318271, 1.998089698623808, 2.0684941235742214, 2.1503192197566285, 2.243890944510522, 2.3484583645693773, 2.4619904417945007, 2.581334977560053, 2.702760999350783, 2.822672456502815, 2.938186212585548, 3.0473903776877695, 3.1493008866457917, 3.2436497327567126, 3.3306366263898166, 3.4107197802171463], [1.5889467029451394, 1.6186435369406347, 1.6518898361449257, 1.6895028917766077, 1.7325807062534968, 1.782584927308759, 1.8414170309670492, 1.9114446269722767, 1.9953929232833163, 2.095972889492727, 2.2151327463155157, 2.353002644615423, 2.506981935521558, 2.671685034937303, 2.840093511219366, 3.005363797626126, 3.162271999092069, 3.3077296612207405, 3.4405246461659043, 3.5607387480269823, 3.669183756245617], [1.2979873501486054, 1.3487511738384965, 1.409142114680433, 1.4808701993985796, 1.5654394822581517, 1.6636710416771099, 1.7750973286669884, 1.8974909760244816, 2.0269196585628935, 2.1585112637303325, 2.2876009366480132, 2.4106343542030024, 2.5254646770974163, 2.6311518297890086, 2.727576054603512, 2.8150907873853805, 2.8942875408058764, 2.965858391711192, 3.0305205587339805, 3.0889752459716266, 3.1418848297282014], [1.8826676881619933, 1.920393862574168, 1.963481383716317, 2.0127343090980374, 2.068969726916039, 2.1329337018690633, 2.2051744878088777, 2.285880080038805, 2.374710821190864, 2.4706838933374287, 2.572174998247799, 2.677072557345151, 2.7830553904071227, 2.88790547270898, 2.9897568655439923, 3.087224482676274, 3.1794151985931625, 3.2658611049747646, 3.346420645396321, 3.421180293220727, 3.4903728139650116], [2.1940774016725806, 2.2490500563320865, 2.311398528567119, 2.3822989532203276, 2.463036037441174, 2.554897460277497, 2.658965917301009, 2.7757892869372087, 2.904964670543923, 3.044767381198564, 3.1920368868716786, 3.342493251213775, 3.491452224842327, 3.6346643481674303, 3.7689386010777577, 3.8923737053292156, 4.0042438908647675, 4.1047026999145135, 4.19445736735924, 4.274499298100595, 4.345915754133728], [1.94008912356792, 1.9817565042685352, 2.029707396948851, 2.0852800334275887, 2.150084159567106, 2.2259706337677145, 2.314899405975693, 2.418639892493445, 2.5382599362236493, 2.6734622507162897, 2.822014440801083, 2.97966079373664, 3.1407685125946827, 3.2995158230332784, 3.4510531932899915, 3.592144993173627, 3.721201587204126, 3.8379280000754883, 3.942865923929732, 4.036999650276909, 4.121481492288136], [2.7490402601852426, 2.775761230088883, 2.8049694312438658, 2.837010046493496, 2.872270711527436, 2.911175448244397, 2.9541704295133036, 3.001698313213533, 3.0541582797063946, 3.111850812938328, 3.174910330270061, 3.2432349276757995, 3.3164291392597374, 3.393779206180939, 3.474276847516656, 3.55669544607431, 3.639705770785127, 3.7220050026253158, 3.802429962602594, 3.8800338009477082, 3.9541193942041537], [2.859440887740039, 2.9100684139368878, 2.966700386669693, 3.029705274364998, 3.09920416436401, 3.1749512459484, 3.256230105956846, 3.341807093769624, 3.42998169032583, 3.5187485571453627, 3.606042182193396, 3.689996785481923, 3.76914745190252, 3.8425276866686486, 3.90966256985586, 3.9704890487002804, 4.025244293584905, 4.074354839067721, 4.118344800078411, 4.157769023651499, 4.193169496723208], [2.7574899513949767, 2.802996630574453, 2.8550413585821053, 2.914533017436357, 2.982313107953727, 3.0590115076325297, 3.144852324461288, 3.2394391004181484, 3.3415845921003386, 3.449274116287455, 3.55983083028765, 3.6702737587371708, 3.777763082498558, 3.8799823630154373, 3.9753485087663, 4.063030425292154, 4.142830653435592, 4.215007544034494, 4.280099278461804, 4.338781920092579, 4.391769929802715], [2.7665875731664835, 2.823378508277237, 2.8896681909308626, 2.9672737174887747, 3.058082418672768, 3.1637706054946304, 3.285334250712885, 3.4224659467436096, 3.5729649278942683, 3.7325236486504383, 3.8952049572470515, 4.0545798685609356, 4.205049448342606, 4.3427558394687695, 4.465808263552536, 4.573964317451851, 4.668084267692581, 4.749611608447663, 4.820192292955776, 4.881442235937879, 4.934828770973216], [2.8756105930023064, 2.9395045699098477, 3.0161663837619113, 3.1090918323773438, 3.222566840308021, 3.361448690962762, 3.530425344955574, 3.7324629094364474, 3.966494294955009, 4.225328474413454, 4.495656622686081, 4.761260297824965, 5.007866811774221, 5.226557498749379, 5.414231503112713, 5.572038109353317, 5.703376590757743, 5.812381103127659, 5.903057876782211, 5.978908374038162, 6.042831794968189]]",0.09746908685061428,0.7805388131466457
Classical,fgn,512,1,RS,0.6373283041359387,0.003280162811279297,True,0.9889936224529052,0.6373283041359387,-0.25355229454775463,4.030479392647059e-09,0.023770793005144432,"[10, 13, 17, 23, 31, 41, 54, 72, 96, 127]","[3.2218110520956538, 3.833703339920312, 4.613677796478626, 5.770683054444084, 7.663206074573172, 8.482419218987859, 10.26582284377817, 12.50172734092214, 13.924908289958504, 15.362634203813785]","[2.302585092994046, 2.5649493574615367, 2.833213344056216, 3.1354942159291497, 3.4339872044851463, 3.713572066704308, 3.9889840465642745, 4.276666119016055, 4.564348191467836, 4.844187086458591]","[1.1699436399860665, 1.3438312655004783, 1.5290253256007362, 1.7527904538332097, 2.0364304437802976, 2.1379956943757126, 2.328820207392504, 2.5258668220350446, 2.6336791997922706, 2.731938210659613]","[0.5825127571689933, 0.692143851102884]",rs_analysis,jax,0.0626716958640613,0.003927741462477398,0.7,,,,,,,,,,,,,,,,,,,,,,,,,,,,,,,,,,,,,,,,,,,,,,
Classical,fgn,512,1,DFA,0.5423409976092189,0.0018186569213867188,True,0.959805447378497,0.5423409976092189,-1.3534349618326798,7.254902111190592e-07,0.039239136032579225,,,,,,jax,jax,0.157659002390781,0.024856361034856292,0.7,"[10, 13, 17, 23, 31, 41, 54, 72, 96, 127]","[0.8377207564173532, 1.0384977293791553, 1.1257678496639267, 1.3670685063898613, 1.925670349649569, 2.0875742540860944, 2.2983264278814155, 2.969792756638062, 2.98927277905276, 3.0210949511847534]","[2.302585092994046, 2.5649493574615367, 2.833213344056216, 3.1354942159291497, 3.4339872044851463, 3.713572066704308, 3.9889840465642745, 4.276666119016055, 4.564348191467836, 4.844187086458591]","[-0.17707046026452722, 0.03777517788884266, 0.11846533587124541, 0.31266867088983025, 0.6552741407046974, 0.7360027479299328, 0.8321812180250343, 1.0884921714702034, 1.0950301401122644, 1.105619332292853]",,,,,,,,,,,,,,,,,,,,,,,,,,,,,,,,,,,,,,,,,,
Classical,fgn,512,1,DMA,0.6707393972090812,0.0013356208801269531,True,0.9971535031145057,0.6707393972090812,-0.786492026877712,1.7971983571443232e-11,0.01267019122607152,,,,,"[0.6415218838479327, 0.6999569105702296]",jax,jax,0.0292606027909188,0.000856182875687925,0.7,"[4, 5, 8, 12, 18, 27, 40, 59, 87, 127]","[1.073943474027906, 1.311307126480055, 1.9006689113831585, 2.504202753316028, 3.249725319862331, 4.241019191361988, 5.586163342115036, 7.263287890935078, 8.866631823033677, 10.999109420009795]","[1.3862943611198906, 1.6094379124341003, 2.0794415416798357, 2.4849066497880004, 2.8903717578961645, 3.295836866004329, 3.6888794541139363, 4.07753744390572, 4.465908118654584, 4.844187086458591]","[0.07133736344266658, 0.27102444620840255, 0.6422058828370144, 0.9179704217313919, 1.1785704758044495, 1.4448036156795714, 1.7202927084336388, 1.9828326038578898, 2.1822949973787784, 2.397814307703494]","[4, 5, 8, 12, 18, 27, 40, 59, 87, 127]",,,,,,,,,,,,,,,,,,,,,,,,,,,,,,,,,,,,,,,,,
Classical,fgn,512,1,Higuchi,0.615147234176656,0.002801179885864258,True,0.999788437645362,-1.384852765823344,6.0651020277581775,4.008687183736738e-14,0.007614120116469801,,,,,"{'hurst_parameter': (np.float64(0.597142701094711), np.float64(0.6331517672586009)), 'fractal_dimension': (np.float64(1.366848232741399), np.float64(1.402857298905289))}",higuchi_numpy,numpy,0.084852765823344,0.007199991867871256,0.7,,,,,,1.384852765823344,"[2, 3, 4, 5, 6, 8, 9, 11, 13]","[1.2658488427079515, 1.6524947572936106, 2.006272528741415, 2.290429083859937, 2.571290742402467, 3.0498006494599097, 3.2588189618242964, 3.6472908280286256, 4.021194996696356]","[0.6931471805599453, 1.0986122886681098, 1.3862943611198906, 1.6094379124341003, 1.791759469228055, 2.0794415416798357, 2.1972245773362196, 2.3978952727983707, 2.5649493574615367]","[0.23574291904846814, 0.5022861201478157, 0.6962785371123511, 0.8287391728786468, 0.9444080072274922, 1.1150762276503914, 1.181364848089777, 1.2939846531024632, 1.3915791213168698]",,,,,,,,,,,,,,,,,,,,,,,,,,,,,,,,,,,,
Classical,fgn,512,1,GHE,0.014142469915926412,1.4597067832946777,True,[0.28806824 0.20140775 0.10483585 0.04315282 0.01394549],,,,,,,,,,GHE,,0.6858575300840736,0.4704005515730259,0.7,,,,,,,,,,,[0.01940138 0.01414247 0.01008864 0.00681618 0.00417689],[1 2 3 4 5],"[ 2  3  4  5  6  7  8  9 10 11 12 13 14 15 16 17 18 19 20 21 22 23 24 25
 26 27 28 29 30 31 32 33 34 35 36 37 38 39 40 41 42 43 44 45 46 47 48 49
 50]","[[ 1.02864653  1.03178564  1.07983059  1.06974549  1.09048354  1.13524929
   1.11469496  1.03436774  1.06379745  1.12107979  1.09218562  1.12191372
   1.14628927  1.08731296  1.11188074  1.08994936  1.05866574  1.06623564
   1.07978918  1.07299292  1.08406774  1.08694732  1.10876482  1.14171237
   1.13486873  1.09983503  1.08364822  1.09726917  1.09084716  1.14320784
   1.13823601  1.11487268  1.15030151  1.12384066  1.10406806  1.07978592
   1.08658508  1.13128547  1.15150622  1.09251436  1.10944076  1.12587606
   1.1393537   1.15285881  1.09629959  1.11174775  1.11048884  1.12654901
   1.08385517]
 [ 1.66865789  1.69717994  1.84464439  1.8314487   1.84413329  1.98180998
   1.96257917  1.72258626  1.78651012  1.89936347  1.86608878  1.94416184
   1.95614384  1.82708683  1.97741662  1.86335099  1.73645873  1.72295189
   1.7626336   1.83761136  1.83880694  1.770577    1.85323537  1.98140603
   1.98570847  1.80969253  1.83543466  1.83187235  1.84199172  1.99085945
   1.9804471   1.87340411  1.96881636  1.92262661  1.88038393  1.83358008
   1.81575936  1.98737282  1.97673106  1.83530703  1.86776314  1.99085598
   1.98997822  2.09985704  1.94016918  1.9511557   1.89413157  1.89742784
   1.8090434 ]
 [ 3.42751292  3.54648819  4.04146512  4.06522714  3.98283119  4.32801048
   4.29738033  3.68111009  3.78986865  3.94760304  3.9670956   4.15159336
   4.1440629   3.85433058  4.53674402  4.05783004  3.57275569  3.45005474
   3.57740211  3.93687203  3.95491407  3.55038927  3.81990432  4.33065468
   4.36030232  3.70359773  4.01682543  3.88384321  3.8951973   4.28154965
   4.30191283  3.92631484  4.18989232  4.08213395  3.95069079  3.9345912
   3.77576256  4.3890233   4.15086073  3.85495854  3.89486507  4.4162354
   4.3112474   4.83241877  4.36015575  4.27562011  4.05855392  3.88895495
   3.82926955]
 [ 8.19898847  8.74968437 10.53712338 10.64667607 10.08231681 10.8442107
  10.74104286  9.18614585  9.26295104  9.39467313  9.69505742 10.18300661
  10.20430488  9.52751312 12.30470155 10.41403961  8.54603393  7.91067488
   8.36321362  9.67535199  9.976253    8.23365694  9.06221804 11.01688321
  11.10645293  8.78643651 10.40122685  9.60147971  9.49218264 10.61825856
  10.85148923  9.48219133 10.42084348  9.93411408  9.37768025  9.84435586
   8.99145196 11.32945296  9.9743824   9.34655393  9.43735393 11.26975379
  10.68081702 12.89908866 11.34354103 10.82797191 10.07774406  8.97166926
   9.59367733]
 [21.80210323 24.43060934 31.25722677 31.26021697 28.51422614 29.72611773
  29.38084069 25.49433803 24.90729442 24.69551719 26.15027212 27.82955985
  28.25998447 26.57923701 37.5333736  30.17385749 22.86153968 19.92451278
  21.66892698 26.15630641 28.31326681 21.45532087 23.88870876 31.28097101
  31.47470983 23.30797705 30.19372692 26.31152779 25.43547555 29.38817807
  30.61451085 25.23901436 29.21581594 26.5525393  24.04995994 27.54262568
  23.45776981 32.77600102 26.65878026 25.06491007 25.60625925 31.65794509
  28.9082702  38.1317668  32.69611458 30.46451964 27.82112434 22.44943162
  27.27786131]]",[0.00444893 0.00410772 0.00430012 0.00468175 0.00512315],numba,512.0,49.0,5.0,,,,,,,,,,,,,,,,,,,,,,,,,,,
Classical,fgn,512,1,GPH,0.9380543249035864,0.4496777057647705,True,0.20258820126788324,-0.35141092733359325,-1.1180337795730078,,,,,,,,jax,jax,0.23805432490358647,0.05666986160530231,0.7,,,,,,,,,,,,,,,,,,,,0.4380543249035864,16.0,"[-8.80090767 -7.41465096 -6.60378349 -6.0285072  -5.58233305 -5.21782799
 -4.9096898  -4.64281529 -4.4074626  -4.19698007 -4.00662333 -3.83288932
 -3.67311778 -3.52524083 -3.38761923 -3.25893147]","[ 2.98042047  0.08190282  1.28812071  0.42528733 -0.78021193  1.35351977
  1.24315493  2.25151416 -0.10635466  1.69915987  1.06260718 -0.27915201
 -1.30283468  1.37144646  0.01676458 -1.26044872]","[0.00195312 0.00390625 0.00585938 0.0078125  0.00976562 0.01171875
 0.01367188 0.015625   0.01757812 0.01953125 0.02148438 0.0234375
 0.02539062 0.02734375 0.02929688 0.03125   ]","[19.69609658  1.08535033  3.62596592  1.53002997  0.45830887  3.87102671
  3.46653291  9.5021127   0.89910572  5.46935051  2.8939061   0.75642491
  0.27176035  3.94104713  1.0169059   0.28352677]",,,,,,,,,,,,,,,,,,,,,
Classical,fgn,512,1,Periodogram,0.40270889424934286,0.0016827583312988281,True,0.6348359342605165,0.19458221150131433,1.9389721087336922,0.4130847663569839,0.14757622644457916,,,,,,periodogram,jax,0.2972911057506571,0.08838200155844837,0.7,,,,,,,,,,,,,,,,,,,,,3.0,,,[0.015625 0.03125  0.046875],[2.98972236 3.88921293 3.61264254],-0.19458221150131433,[-4.15888308 -3.4657359  -3.06027079],[1.09518053 1.35820681 1.28443951],,,,,,,,,,,,,,,,,,
Classical,fgn,512,1,Whittle,0.7072797856849562,0.12985968589782715,True,,,,,,,,,,,Whittle_JAX,jax,0.0072797856849562415,5.299527961889381e-05,0.7,,,,,,,,,,,,,,,,,,,,,,,,,,,,,4.073938926054538,True,"[0.01171875, 0.013671875, 0.015625, 0.017578125, 0.01953125, 0.021484375, 0.0234375, 0.025390625, 0.02734375, 0.029296875, 0.03125, 0.033203125, 0.03515625, 0.037109375, 0.0390625, 0.041015625, 0.04296875, 0.044921875, 0.046875, 0.048828125, 0.05078125, 0.052734375, 0.0546875, 0.056640625, 0.05859375, 0.060546875, 0.0625, 0.064453125, 0.06640625, 0.068359375, 0.0703125, 0.072265625, 0.07421875, 0.076171875, 0.078125, 0.080078125, 0.08203125, 0.083984375, 0.0859375, 0.087890625, 0.08984375, 0.091796875, 0.09375, 0.095703125, 0.09765625, 0.099609375, 0.1015625, 0.103515625, 0.10546875, 0.107421875, 0.109375, 0.111328125, 0.11328125, 0.115234375, 0.1171875, 0.119140625, 0.12109375, 0.123046875, 0.125, 0.126953125, 0.12890625, 0.130859375, 0.1328125, 0.134765625, 0.13671875, 0.138671875, 0.140625, 0.142578125, 0.14453125, 0.146484375, 0.1484375, 0.150390625, 0.15234375, 0.154296875, 0.15625, 0.158203125, 0.16015625, 0.162109375, 0.1640625, 0.166015625, 0.16796875, 0.169921875, 0.171875, 0.173828125, 0.17578125, 0.177734375, 0.1796875, 0.181640625, 0.18359375, 0.185546875, 0.1875, 0.189453125, 0.19140625, 0.193359375, 0.1953125, 0.197265625, 0.19921875, 0.201171875, 0.203125, 0.205078125, 0.20703125, 0.208984375, 0.2109375, 0.212890625, 0.21484375, 0.216796875, 0.21875, 0.220703125, 0.22265625, 0.224609375, 0.2265625, 0.228515625, 0.23046875, 0.232421875, 0.234375, 0.236328125, 0.23828125, 0.240234375, 0.2421875, 0.244140625, 0.24609375, 0.248046875, 0.25, 0.251953125, 0.25390625, 0.255859375, 0.2578125, 0.259765625, 0.26171875, 0.263671875, 0.265625, 0.267578125, 0.26953125, 0.271484375, 0.2734375, 0.275390625, 0.27734375, 0.279296875, 0.28125, 0.283203125, 0.28515625, 0.287109375, 0.2890625, 0.291015625, 0.29296875, 0.294921875, 0.296875, 0.298828125, 0.30078125, 0.302734375, 0.3046875, 0.306640625, 0.30859375, 0.310546875, 0.3125, 0.314453125, 0.31640625, 0.318359375, 0.3203125, 0.322265625, 0.32421875, 0.326171875, 0.328125, 0.330078125, 0.33203125, 0.333984375, 0.3359375, 0.337890625, 0.33984375, 0.341796875, 0.34375, 0.345703125, 0.34765625, 0.349609375, 0.3515625, 0.353515625, 0.35546875, 0.357421875, 0.359375, 0.361328125, 0.36328125, 0.365234375, 0.3671875, 0.369140625, 0.37109375, 0.373046875, 0.375, 0.376953125, 0.37890625, 0.380859375, 0.3828125, 0.384765625, 0.38671875, 0.388671875, 0.390625, 0.392578125, 0.39453125, 0.396484375, 0.3984375, 0.400390625, 0.40234375, 0.404296875, 0.40625, 0.408203125, 0.41015625, 0.412109375, 0.4140625, 0.416015625, 0.41796875, 0.419921875, 0.421875, 0.423828125, 0.42578125, 0.427734375, 0.4296875, 0.431640625, 0.43359375, 0.435546875, 0.4375, 0.439453125, 0.44140625, 0.443359375, 0.4453125, 0.447265625, 0.44921875, 0.451171875, 0.453125, 0.455078125, 0.45703125, 0.458984375, 0.4609375, 0.462890625, 0.46484375, 0.466796875, 0.46875, 0.470703125, 0.47265625, 0.474609375, 0.4765625, 0.478515625, 0.48046875, 0.482421875, 0.484375, 0.486328125, 0.48828125, 0.490234375, 0.4921875, 0.494140625, 0.49609375, 0.498046875, 0.5]",,,,,,,,,,,,,,,
Classical,fgn,512,1,CWT,0.697681140126856,0.009170293807983398,True,0.7359703465695808,0.395362280253712,-2.952932189678431,,,,,,,"(0.6902852123093512, 0.7050770679443608)",jax,jax,0.0023188598731439525,5.377111111277187e-06,0.7,"[2.0, 2.3252588129617253, 2.703414273628086, 3.143068932420114, 3.654224367428036, 4.248508707450764, 4.939441156972259, 5.742739540677802, 6.676677863752414, 7.762502021998383, 9.02491311864248, 10.492629382668657, 12.19903947159572, 14.182962020497948, 16.489528716032144, 19.171210984269603, 22.28901364816076, 25.91386270880499, 30.128218820764506, 35.02795316591101, 40.72452839952256, 47.347534282349955, 55.047635681020815, 64.0]",,,,,,,,,,,,,,,,,,,,,,,,,,,,,,,morl,"{2.0: 0.09413408217785485, 2.3252588129617253: 0.15893443784694736, 2.703414273628086: 0.1980117287162006, 3.143068932420114: 0.2027912169853556, 3.654224367428036: 0.1891406873986598, 4.248508707450764: 0.24656625434058188, 4.939441156972259: 0.2744693301671372, 5.742739540677802: 0.23976659687107474, 6.676677863752414: 0.24479946981067532, 7.762502021998383: 0.3109861288342538, 9.02491311864248: 0.44173556600967423, 10.492629382668657: 0.43606617178886026, 12.19903947159572: 0.3645409269358008, 14.182962020497948: 0.38415968077884677, 16.489528716032144: 0.5037106288644972, 19.171210984269603: 0.5922516584284394, 22.28901364816076: 0.5258596536142008, 25.91386270880499: 0.5876041179042859, 30.128218820764506: 0.5053933018181526, 35.02795316591101: 0.2802321858412296, 40.72452839952256: 0.2816678242537568, 47.347534282349955: 0.47320727608097746, 55.047635681020815: 0.634738682667329, 64.0: 0.7920900801602583}","[0.004406757324611151, 0.0034546089436404536, 0.0028481478032675346, 0.0034438459343277446, 0.004676543324176283, 0.003489674700190328, 0.005081371679733935, 0.0034146581085661362, 0.004123317240897652, 0.0036971229437859905, 0.0035363685888169273, 0.003147541567144085, 0.0023277722895646484, 0.0026947413608544644, 0.0028789176393698816, 0.0026278404578044, 0.0044478171224670805, 0.003847434419842593, 0.00177046910020082, 0.0035662946824963006, 0.00415740103844185, 0.001492315165433693, 0.0016490743139597462, 0.0017258466651640914]",0.0,,,,,,,,,,,
Classical,fgn,512,1,WaveletVar,0.5580382805581825,0.0011162757873535156,True,0.14798767125900303,0.11607656111636505,-0.18325646322278108,,,,,,,,variance,jax,0.14196171944181746,0.02015312978687729,0.7,"[2, 3, 4, 5]",,,,,,,,,,,,,,,,,,,,,,,,,,,,,,,,,,,"{2: 0.9497655881236778, 3: 1.359264189106592, 4: 1.478117978895874, 5: 0.847399983966377}",,,,,,,,,,
Classical,fgn,512,1,WaveletLogVar,0.5580382805581825,0.0006649494171142578,True,0.14798767125900303,0.11607656111636505,-0.18325646322278108,,,,,,,,log_variance,jax,0.14196171944181746,0.02015312978687729,0.7,"[2, 3, 4, 5]",,,,,,,,,,,,,,,,,,,,,,,,,,,,,,,,,,,"{2: 0.9497655881236778, 3: 1.359264189106592, 4: 1.478117978895874, 5: 0.847399983966377}","[2.0, 3.0, 4.0, 5.0]","[np.float64(-0.07435660942462449), np.float64(0.44282588824038854), np.float64(0.5637614256241859), np.float64(-0.23888499348273723)]",,,,,,,,
Classical,fgn,512,1,MFDFA,,0.014306068420410156,True,,,,,,,,,,,MFDFA,jax,,,0.7,"[10, 11, 12, 13, 14, 16, 17, 18, 20, 22, 24, 26, 28, 30, 33, 36, 39, 42, 45, 49, 53, 58, 63, 68, 74, 80, 86, 94, 101]",,,,,,,,,,,,,,,,,,,,,,,,,,,,,,,,,,,,,,"[-5.0, -4.5, -4.0, -3.5, -3.0, -2.5, -2.0, -1.5, -1.0, -0.5, 0.0, 0.5, 1.0, 1.5, 2.0, 2.5, 3.0, 3.5, 4.0, 4.5, 5.0]","[0.7605542666305245, 0.7452839946346824, 0.7289197300350381, 0.7117546941930532, 0.6942272698013664, 0.6768748471175051, 0.6602432373509903, 0.6447828145634227, 0.6307732979528652, 0.6183018353342277, 0.6072891092056263, 0.5975389013370181, 0.5887887232516871, 0.5807527628617491, 0.5731577237576613, 0.5657726889042922, 0.5584310716016115, 0.5510411488383634, 0.5435831107025133, 0.5360941306756134, 0.5286465473992591]","[-4.802771333152623, -4.353777975856071, -3.9156789201401523, -3.491141429675686, -3.0826818094040993, -2.692187117793763, -2.3204864747019807, -1.967174221845134, -1.630773297952865, -1.309150917667114, -1.0, -0.701230549331491, -0.4112112767483129, -0.12887085570737633, 0.14631544751532255, 0.41443172226073055, 0.6752932148048347, 0.9286440209342719, 1.1743324428100532, 1.4124235880402605, 1.6432327369962954]","[0.8979867145931042, 0.8870924130124704, 0.8626365461803847, 0.832997110736053, 0.7989543118819231, 0.7621953347021186, 0.7250128959486288, 0.6897131767491156, 0.6580233041780201, 0.6307732979528651, 0.6079203683356229, 0.5887887232516871, 0.5723596936241147, 0.5575267242636355, 0.5433025779681069, 0.5289777672895122, 0.5142122986735413, 0.4990392280052185, 0.4837795671059886, 0.46890029418624213, 0.46161829791206976]","[0.31283776018710174, 0.36186211729995366, 0.46513273541861366, 0.5756515420995005, 0.68581887375833, 0.7866987810384662, 0.870460682804723, 0.9326044567214606, 0.972749993774845, 0.9937642686906814, 1.0, 0.9956249109573345, 0.9835709703724276, 0.9651609421028295, 0.9402897084208912, 0.9080126959630499, 0.8673436812157893, 0.8179932770839928, 0.7607858256139011, 0.6976277357978291, 0.6648587525640535]","[[0.419242804238833, 0.4390818825534994, 0.4622248002998049, 0.4889838358643965, 0.5194019483449801, 0.5530804027459381, 0.5890890703074296, 0.6260776670676865, 0.6625999536270841, 0.6974887067527251, 0.7300726952334914, 0.7601669908134999, 0.7879228523690105, 0.8136562117398869, 0.8377207564173532, 0.8604367285334615, 0.8820615676690767, 0.9027852494150486, 0.9227377467468965, 0.9420011190342408, 0.9606222515958459], [0.5191270900722909, 0.543367048649444, 0.5694652695927305, 0.596918037455235, 0.6251065831962519, 0.6534324176258259, 0.6814508807496306, 0.708944045984376, 0.7359148497073341, 0.7625281039249568, 0.7890379578750002, 0.8157287359677288, 0.8428771800746122, 0.8707317137389804, 0.8995000446840198, 0.929337445312975, 0.9603318181436555, 0.992486481510684, 1.0257059192696687, 1.05979167753957, 1.0944537907480067], [0.4821993708245175, 0.5061044016630314, 0.5332969185566364, 0.5637662607825512, 0.5971901525108316, 0.6329119993274588, 0.6700436463119824, 0.7076813559983706, 0.7451388880939676, 0.782087598264057, 0.8185652655993977, 0.8548938476611256, 0.8915674871851562, 0.9291472086473521, 0.9681685994212955, 1.0090558173663309, 1.052040350628882, 1.0970969721463422, 1.1439194499559127, 1.1919535017559624, 1.2404834849990864], [0.5800351828383262, 0.5997600987981608, 0.6220824063814394, 0.6472417515302938, 0.6753832007824625, 0.7064944041571477, 0.7403503016497539, 0.776492162881291, 0.8142642036894212, 0.8529083014140385, 0.8916863560917576, 0.929984604296272, 0.9673674172513266, 1.0035770355841838, 1.0384977293791553, 1.072107935691128, 1.1044371228747, 1.1355346794187415, 1.1654513530759103, 1.1942305693635384, 1.2219062326519152], [0.5209052448492727, 0.551371312883978, 0.5861821390498129, 0.6248849328485271, 0.6663507011302006, 0.7089195080475194, 0.7508554831594967, 0.7908615056636127, 0.8283278210483231, 0.863238303111243, 0.8959092025536346, 0.9267517654831345, 0.9561355122821279, 0.9843402974560117, 1.0115586237335372, 1.037916482731056, 1.0634950714922484, 1.0883466642619888, 1.1125040533303079, 1.1359854645143117, 1.158797214364928], [0.7381170058541139, 0.7585546848164718, 0.7807276123517211, 0.8047250204290289, 0.8306407158568968, 0.858577266309229, 0.888646883072412, 0.9209654983738161, 0.9556368881343723, 0.9927254733541928, 1.0322198661039779, 1.0739939192813264, 1.1177764491193716, 1.1631421880910864, 1.2095323599017564, 1.2563037824797798, 1.302794873437243, 1.3483912510157838, 1.3925757124982485, 1.4349550486466331, 1.4752645021637614], [0.82735446396035, 0.8461693920559589, 0.8658565906285264, 0.886328401938919, 0.907476929094558, 0.9291769060430033, 0.9512894541575708, 0.9736665507680614, 0.9961560675277399, 1.018607214133576, 1.040876122971187, 1.0628311739334668, 1.0843575672146217, 1.105360674450285, 1.1257678496639265, 1.1455286154680542, 1.1646133804314842, 1.183011022904807, 1.2007257617162188, 1.2177737288341481, 1.2341795907275177], [0.7054213651794353, 0.7331133730700754, 0.7639808895429477, 0.7979601182867472, 0.8347665832540906, 0.8738981327864563, 0.9147053986212134, 0.9565191538091502, 0.9987902592659649, 1.0411892076594653, 1.0836362951548517, 1.1262680612232332, 1.1693652172712634, 1.2132666866799273, 1.2582848650735712, 1.3046302970874464, 1.3523531785465028, 1.4013110675454297, 1.4511712545781768, 1.5014492400239683, 1.5515739751795452], [0.8740707706254123, 0.9030140404937319, 0.9342931371391893, 0.9677755176765356, 1.003259865552889, 1.0405084733820795, 1.0792917919707465, 1.1194333920282729, 1.160842307563345, 1.2035235275447929, 1.2475636716010507, 1.2930944525280943, 1.3402402212829265, 1.3890585900894468, 1.4394857687576121, 1.491299968937637, 1.5441145109600316, 1.5974052919943682, 1.650566653072173, 1.7029804840518419, 1.7540805878226653], [0.9980723958447345, 1.0148016862671911, 1.0331906623360203, 1.0533832239990308, 1.0755199098936001, 1.0997353845596858, 1.126157546865525, 1.1549085491477074, 1.1861068443506904, 1.2198676246902367, 1.2562972721405998, 1.2954768388721338, 1.3374314678216797, 1.3820878374561183, 1.429229255477255, 1.4784645308388071, 1.5292272794524286, 1.5808138579462918, 1.6324534385415408, 1.6833909738377246, 1.732960449783848], [1.0123926069406484, 1.0358013341979402, 1.0620101629520475, 1.0913179279889336, 1.1239696535622061, 1.1601006478962155, 1.1996700806290161, 1.2423987786630568, 1.2877348669037254, 1.334871495579831, 1.3828266105756342, 1.430568830386873, 1.4771515009768714, 1.521814704721257, 1.564033158645763, 1.6035122494309684, 1.6401501174126791, 1.673986425982461, 1.7051528771604383, 1.7338330351325975, 1.7602333142506588], [1.1874935309841905, 1.214311606975373, 1.2425246617648935, 1.2717865210395058, 1.3016663825472998, 1.3316871328442887, 1.3613753971333, 1.3903114324682324, 1.4181667104226123, 1.4447218476414898, 1.4698645857343275, 1.4935731128273606, 1.5158921869707573, 1.5369086269250394, 1.5567303521665272, 1.5754707341469545, 1.5932383029189445, 1.6101309458418023, 1.6262334371205798, 1.6416171904308705, 1.6563413327164451], [0.7889772634967315, 0.8261659598828376, 0.8697725852176496, 0.9204473860183713, 0.9783323889101783, 1.042714123508661, 1.1118222198973517, 1.18301216477676, 1.2533748968565548, 1.3204707075032343, 1.3827755631700975, 1.4396920817237082, 1.4912846240251396, 1.5379682650754096, 1.5802795014935693, 1.6187491662407294, 1.6538496244136605, 1.6859830201487411, 1.7154873762798952, 1.7426479441354819, 1.7677082382594465], [1.1406787789558355, 1.1695950751780713, 1.201342094081372, 1.2360948442153696, 1.2739696784573926, 1.3149906368643254, 1.3590521163545497, 1.405885060410304, 1.4550375113412586, 1.5058810525120212, 1.5576498710762416, 1.6095090845420785, 1.6606379253589476, 1.7103076211306505, 1.757936724072702, 1.8031160152149825, 1.8456052888806784, 1.885310702065776, 1.922252804191968, 1.956533388689983, 1.9883061390846735], [1.507587774892341, 1.5206235692772274, 1.5341062293928005, 1.5480773212611798, 1.5625874542481752, 1.5776958507394656, 1.5934690999691157, 1.609978915705482, 1.6272987381630664, 1.6454990813429882, 1.6646416472377605, 1.6847724218236164, 1.7059142309203867, 1.7280595317493506, 1.7511644732822929, 1.7751453685207572, 1.7998785802388615, 1.8252043809349496, 1.8509346667118571, 1.8768636561665977, 1.9027801188544762], [1.1608578377081047, 1.2097092067787407, 1.2652032682193217, 1.3270030355178883, 1.3939241758552485, 1.4639019595341607, 1.5343101996843032, 1.6025730730040368, 1.6667708486030424, 1.7259326269886883, 1.7799514016439058, 1.8292833691087218, 1.8746291641231085, 1.9167047928214085, 1.9561191924379289, 1.99333217494446, 2.0286596904070744, 2.0623010101920656, 2.094371988447795, 2.124935889683507, 2.15402803403236], [1.4918127453420973, 1.5071945567847809, 1.5233479385390585, 1.5402889183903372, 1.5580248625605038, 1.5765517278872465, 1.5958511722901814, 1.6158877958933742, 1.6366068743534663, 1.657932997374411, 1.6797700089536067, 1.7020025402815924, 1.7244992314574987, 1.7471174837822985, 1.769709326398194, 1.7921277859627545, 1.814233068911806, 1.835897921707078, 1.8570117038029232, 1.8774829393943406, 1.897240346902736], [1.2681602436203152, 1.3019175174605504, 1.3385705056698278, 1.378005363653605, 1.419980571436695, 1.4641332328269667, 1.5100068724454205, 1.5570966959326764, 1.6049014476738594, 1.652968354323622, 1.70092088240725, 1.7484661457632784, 1.7953857338029382, 1.8415174596847603, 1.8867355443891176, 1.9309344247628801, 1.9740184539313055, 2.0158974227548088, 2.0564864879685105, 2.0957086566634637, 2.133498149528411], [1.6148916895611698, 1.6321243084039196, 1.6516609358454388, 1.673975816190372, 1.6996384827386068, 1.7293157541439077, 1.7637570134578386, 1.8037501124941353, 1.8500332624016909, 1.9031531694883304, 1.9632780088742217, 2.0300075464138483, 2.1022580094312113, 2.178303349288578, 2.256000279889214, 2.333132448451359, 2.4077471490957856, 2.47837499371687, 2.5440965023981286, 2.6044881283509502, 2.6595072462126175], [1.4386628177095866, 1.4839802195091996, 1.5357044777629927, 1.5941519283288708, 1.6591128486417623, 1.7296158166614113, 1.8038192369915313, 1.8791652353746473, 1.9528237813314033, 2.0222685654801915, 2.0857255370792935, 2.14232720784432, 2.191994313693168, 2.2351824398499467, 2.2726254467848706, 2.3051432787638895, 2.3335253621210694, 2.3584736075670767, 2.380583604753974, 2.4003466870441796, 2.418161517222873], [1.8364539387911438, 1.8529648020987757, 1.8711727786609555, 1.8913896370067178, 1.9140118250529436, 1.9395446613307648, 1.9686297771757284, 2.0020719469900388, 2.0408565359087243, 2.0861411037326216, 2.139195243827245, 2.2012567891291144, 2.273282410689506, 2.3556125166985056, 2.4476453122668964, 2.547679974408917, 2.65306461698325, 2.760640436422621, 2.867305612359688, 2.9704747868969834, 3.0683073991862626], [1.8289167523907575, 1.8712700771251294, 1.9169258553805617, 1.965541414813956, 2.016559090766251, 2.0692254739687317, 2.1226505989450204, 2.1758987013870477, 2.228089153819433, 2.2784816475133325, 2.326526684208198, 2.371876434348388, 2.4143638465897745, 2.4539640759744046, 2.490751623391784, 2.5248621472792294, 2.5564629950712887, 2.5857329124215456, 2.6128494839763836, 2.6379822474744072, 2.6612895469958704], [1.7798531287433834, 1.8135596068068183, 1.8500315772354712, 1.8892945973345743, 1.9313040103085055, 1.9759367884470762, 2.0229897103651604, 2.072184828489295, 2.1231815505824163, 2.1755931008375753, 2.2290043425499624, 2.2829882973320053, 2.3371199424280773, 2.3909872994024695, 2.444200723280093, 2.496401349507159, 2.5472690586504254, 2.596529567606401, 2.6439597978449485, 2.689390688321539, 2.732707019048043], [2.203916062077335, 2.2226471845069193, 2.2430025365771207, 2.2651384641360885, 2.2892184766332653, 2.3154086340895557, 2.343870417956225, 2.3747505569510228, 2.4081675369695, 2.4441950598806383, 2.48284356361489, 2.524041989647969, 2.567623013003459, 2.613315484166941, 2.6607473870317886, 2.709460952938313, 2.758938967062232, 2.808638586276091, 2.85802718784371, 2.9066145713816876, 2.9539772100062534], [2.2585048900223446, 2.2804893978144807, 2.304664666679242, 2.331301075091865, 2.360688662117117, 2.3931280975956013, 2.4289154245050497, 2.468319062128343, 2.51154840002564, 2.558715146844039, 2.6097914943623257, 2.664572585730195, 2.722653365908794, 2.7834297195549493, 2.846129487416606, 2.909871083750817, 2.9737390300478115, 3.0368607451112597, 3.0984697051112144, 3.1579457459040827, 3.214830654492624], [2.1579010096311926, 2.1952792217147294, 2.235765546355481, 2.279212538452719, 2.3252892824665783, 2.37346361884847, 2.423013045299833, 2.4730707816063826, 2.522703308908836, 2.5710042728272935, 2.617182988894435, 2.66062788428606, 2.700934783141805, 2.737901539825758, 2.7714987014359838, 2.8018284589010376, 2.8290822732035967, 2.853503745745593, 2.875359603608985, 2.8949190681853336, 2.9124404762635727], [2.282697724370427, 2.3063840903117883, 2.3336245536404885, 2.3651644903655624, 2.4019041270039456, 2.444906420525451, 2.4953804046410006, 2.5546190393436525, 2.6238656234208837, 2.704088486399827, 2.7956724089987555, 2.898093184720127, 3.009707337284884, 3.1278028957137476, 3.2489654302061886, 3.369649750578314, 3.4867369963711314, 3.597889676639006, 3.701649192650577, 3.797337781686522, 3.884867762539558], [2.5848320766783166, 2.606363392091318, 2.629273032553279, 2.6535084933085447, 2.6789739280639258, 2.7055269191503633, 2.732978590555994, 2.761097847963585, 2.7896199761066534, 2.8182590762870725, 2.846723066796635, 2.8747294218422534, 2.9020196691441775, 2.9283709530376463, 2.953603597677318, 2.9775843708915146, 3.0002258387920913, 3.021482667532065, 3.041345925193555, 3.0598364023083158, 3.0769977867966234], [2.6317356216632066, 2.6657284929201346, 2.701284122598804, 2.738162382026061, 2.776062834887154, 2.8146377404967557, 2.853511411636378, 2.892303601016641, 2.93065353860833, 2.9682410350347173, 3.0048017958165705, 3.040135477659153, 3.0741065604966877, 3.10663933513659, 3.137708959239557, 3.1673306119647795, 3.1955484490788466, 3.2224255446705485, 3.248035482087936, 3.2724558297917823, 3.2957634435711243]]",0.43636841668103443,0.6079203683356229
