estimator,estimator_type,sample_id,true_hurst,estimated_hurst,execution_time,r_squared,method,success,error
RS,classical,0,0.2,0.8083136625242308,0.008393049240112305,0.9765354965711256,numpy,True,
RS,classical,1,0.2,0.8885025286637855,0.00758814811706543,0.9743163464838343,numpy,True,
RS,classical,2,0.2,0.9295852429076652,0.007551431655883789,0.9842802663808212,numpy,True,
RS,classical,3,0.2,0.7810399122263493,0.007932424545288086,0.9911911718845264,numpy,True,
RS,classical,4,0.2,0.9311463997140813,0.008106470108032227,0.9793105025735245,numpy,True,
RS,classical,5,0.2,0.7763036175680166,0.009429931640625,0.9941533341964025,numpy,True,
RS,classical,6,0.2,0.9105148059414111,0.00825953483581543,0.9853033299916708,numpy,True,
RS,classical,7,0.2,0.7258822346221683,0.008849143981933594,0.9768734903173103,numpy,True,
RS,classical,8,0.2,0.8575271407266446,0.008004903793334961,0.988630609428386,numpy,True,
RS,classical,9,0.2,0.9102582659199699,0.007753133773803711,0.9925435168337114,numpy,True,
RS,classical,10,0.2666666666666667,0.7480362518808749,0.007988214492797852,0.9943324118605584,numpy,True,
RS,classical,11,0.2666666666666667,0.7223751127662817,0.009596586227416992,0.9927788208703026,numpy,True,
RS,classical,12,0.2666666666666667,0.7474196245417868,0.009774208068847656,0.9893299778956064,numpy,True,
RS,classical,13,0.2666666666666667,0.7910472654462851,0.009642362594604492,0.9860663627230185,numpy,True,
RS,classical,14,0.2666666666666667,0.8533089589724082,0.009161233901977539,0.9854249208056165,numpy,True,
RS,classical,15,0.2666666666666667,0.8101118206669424,0.008404970169067383,0.9827543374482723,numpy,True,
RS,classical,16,0.2666666666666667,0.7341246122967713,0.009444952011108398,0.9927125794941768,numpy,True,
RS,classical,17,0.2666666666666667,0.7739070584837993,0.008934259414672852,0.9888430749705195,numpy,True,
RS,classical,18,0.2666666666666667,0.8277562050991343,0.008022546768188477,0.9921961168231015,numpy,True,
RS,classical,19,0.2666666666666667,0.7820451357235761,0.008322954177856445,0.9954019575567571,numpy,True,
RS,classical,20,0.33333333333333337,0.7384426162853167,0.008220434188842773,0.9804075673692895,numpy,True,
RS,classical,21,0.33333333333333337,0.7933316209645552,0.009382247924804688,0.9873431789962208,numpy,True,
RS,classical,22,0.33333333333333337,0.7799894591241303,0.00750279426574707,0.9915097072521897,numpy,True,
RS,classical,23,0.33333333333333337,0.6494463806363285,0.0073299407958984375,0.9959217803999558,numpy,True,
RS,classical,24,0.33333333333333337,0.6996163581553609,0.007546424865722656,0.9911208366601314,numpy,True,
RS,classical,25,0.33333333333333337,0.707279424175865,0.007753849029541016,0.9949255119769691,numpy,True,
RS,classical,26,0.33333333333333337,0.735243687684613,0.007436275482177734,0.9780193098526793,numpy,True,
RS,classical,27,0.33333333333333337,0.7432232931356028,0.007879018783569336,0.9869750837644141,numpy,True,
RS,classical,28,0.33333333333333337,0.6615258324099162,0.007845401763916016,0.9791426411457053,numpy,True,
RS,classical,29,0.33333333333333337,0.7775289953404243,0.007815361022949219,0.99144509557416,numpy,True,
RS,classical,30,0.4,0.6766807154698699,0.007920503616333008,0.9973301798626991,numpy,True,
RS,classical,31,0.4,0.6398507310303296,0.007853269577026367,0.9873952696932994,numpy,True,
RS,classical,32,0.4,0.612124500915243,0.007894515991210938,0.9963058973644024,numpy,True,
RS,classical,33,0.4,0.6276093575756213,0.008377552032470703,0.9896377043870863,numpy,True,
RS,classical,34,0.4,0.5912948818900858,0.008069276809692383,0.9944297558281501,numpy,True,
RS,classical,35,0.4,0.6265001227009342,0.008268356323242188,0.9917430206378556,numpy,True,
RS,classical,36,0.4,0.644516681446891,0.007596492767333984,0.9851837341575205,numpy,True,
RS,classical,37,0.4,0.7102386440972578,0.00805807113647461,0.9982340738401443,numpy,True,
RS,classical,38,0.4,0.5880665745210297,0.007555484771728516,0.9891886770435574,numpy,True,
RS,classical,39,0.4,0.7161490888990909,0.008165359497070312,0.9898950067156818,numpy,True,
RS,classical,40,0.46666666666666673,0.5618377937184439,0.007850408554077148,0.9836518684805493,numpy,True,
RS,classical,41,0.46666666666666673,0.6393643038204163,0.007610321044921875,0.9827928848009307,numpy,True,
RS,classical,42,0.46666666666666673,0.5836763626111624,0.00797128677368164,0.9935738962867233,numpy,True,
RS,classical,43,0.46666666666666673,0.6948740560986223,0.007827520370483398,0.992157855040501,numpy,True,
RS,classical,44,0.46666666666666673,0.5906386313847485,0.008655786514282227,0.9965795416520835,numpy,True,
RS,classical,45,0.46666666666666673,0.6240019409549352,0.008329391479492188,0.9926345124371508,numpy,True,
RS,classical,46,0.46666666666666673,0.6039990398903231,0.00862574577331543,0.9881794485292004,numpy,True,
RS,classical,47,0.46666666666666673,0.6356670745968511,0.008857488632202148,0.9976461516673633,numpy,True,
RS,classical,48,0.46666666666666673,0.57230956095583,0.009149312973022461,0.9938215023169219,numpy,True,
RS,classical,49,0.46666666666666673,0.6363560865570289,0.009010791778564453,0.9943319422056998,numpy,True,
RS,classical,50,0.5333333333333334,0.645868245775538,0.00896453857421875,0.9962165303879101,numpy,True,
RS,classical,51,0.5333333333333334,0.5926915847296735,0.007600069046020508,0.9957285939801449,numpy,True,
RS,classical,52,0.5333333333333334,0.6162116876766363,0.007039308547973633,0.9966198154424074,numpy,True,
RS,classical,53,0.5333333333333334,0.5815467918844381,0.006433248519897461,0.9910090518591399,numpy,True,
RS,classical,54,0.5333333333333334,0.6354086964875536,0.006577491760253906,0.9943875395866618,numpy,True,
RS,classical,55,0.5333333333333334,0.600793682559678,0.006606340408325195,0.981426663805565,numpy,True,
RS,classical,56,0.5333333333333334,0.4562254492451273,0.006637096405029297,0.9707691622184256,numpy,True,
RS,classical,57,0.5333333333333334,0.553907949394658,0.007238626480102539,0.9907738436920037,numpy,True,
RS,classical,58,0.5333333333333334,0.5812254038948712,0.00649571418762207,0.98567303934431,numpy,True,
RS,classical,59,0.5333333333333334,0.5412409467278135,0.007021188735961914,0.9851585244591531,numpy,True,
RS,classical,60,0.6000000000000001,0.5959416574661759,0.007067680358886719,0.9949846682633244,numpy,True,
RS,classical,61,0.6000000000000001,0.5382530625488882,0.006951570510864258,0.9916723882769155,numpy,True,
RS,classical,62,0.6000000000000001,0.6746363630035394,0.006956577301025391,0.9949887776396918,numpy,True,
RS,classical,63,0.6000000000000001,0.6031461870398361,0.006985187530517578,0.9891595816610523,numpy,True,
RS,classical,64,0.6000000000000001,0.6120661434655439,0.0064544677734375,0.9913343812358879,numpy,True,
RS,classical,65,0.6000000000000001,0.5163118689582529,0.006851673126220703,0.9836164345015866,numpy,True,
RS,classical,66,0.6000000000000001,0.6604008163903103,0.006743192672729492,0.9900826664328707,numpy,True,
RS,classical,67,0.6000000000000001,0.7081710669601656,0.0069239139556884766,0.9969972726191074,numpy,True,
RS,classical,68,0.6000000000000001,0.6484428374523165,0.007227420806884766,0.9966665464785464,numpy,True,
RS,classical,69,0.6000000000000001,0.6406682499813701,0.008159399032592773,0.9969538698656127,numpy,True,
RS,classical,70,0.6666666666666667,0.5872462676734008,0.007984399795532227,0.9949854522237269,numpy,True,
RS,classical,71,0.6666666666666667,0.5636321070841941,0.008144378662109375,0.9782838141220556,numpy,True,
RS,classical,72,0.6666666666666667,0.6369608946105636,0.008008956909179688,0.9949223002668248,numpy,True,
RS,classical,73,0.6666666666666667,0.5948682533658964,0.008023262023925781,0.9959067855889719,numpy,True,
RS,classical,74,0.6666666666666667,0.6269777595509354,0.006951808929443359,0.9959286044720526,numpy,True,
RS,classical,75,0.6666666666666667,0.5223043348315051,0.006906032562255859,0.9800344268550635,numpy,True,
RS,classical,76,0.6666666666666667,0.5679162349088147,0.006766319274902344,0.9877570487605111,numpy,True,
RS,classical,77,0.6666666666666667,0.5961961842706945,0.0068089962005615234,0.9915147568781384,numpy,True,
RS,classical,78,0.6666666666666667,0.6174792403655581,0.00707554817199707,0.9873567218688076,numpy,True,
RS,classical,79,0.6666666666666667,0.6311754081284275,0.006649494171142578,0.9963268436933466,numpy,True,
RS,classical,80,0.7333333333333334,0.6399981105642427,0.006644010543823242,0.9975211055608444,numpy,True,
RS,classical,81,0.7333333333333334,0.5849678877528869,0.0067996978759765625,0.9981023009845144,numpy,True,
RS,classical,82,0.7333333333333334,0.6336149338803138,0.006791591644287109,0.9984817031285937,numpy,True,
RS,classical,83,0.7333333333333334,0.6349044372145903,0.007250308990478516,0.9791717591064812,numpy,True,
RS,classical,84,0.7333333333333334,0.5457357820864561,0.007265329360961914,0.9781791428089243,numpy,True,
RS,classical,85,0.7333333333333334,0.5577146750629509,0.0077283382415771484,0.9906490431614323,numpy,True,
RS,classical,86,0.7333333333333334,0.48382184075960694,0.007393836975097656,0.9741879182413822,numpy,True,
RS,classical,87,0.7333333333333334,0.6274332333820771,0.007004737854003906,0.9883585802092469,numpy,True,
RS,classical,88,0.7333333333333334,0.6808647055350558,0.0073299407958984375,0.9962631504277135,numpy,True,
RS,classical,89,0.7333333333333334,0.5677063974960869,0.006679058074951172,0.9984704787431198,numpy,True,
RS,classical,90,0.8,0.6013003717379378,0.006705045700073242,0.991183099581274,numpy,True,
RS,classical,91,0.8,0.5410906692105487,0.006418704986572266,0.989460672935647,numpy,True,
RS,classical,92,0.8,0.626222069097406,0.006659984588623047,0.9925135244563318,numpy,True,
RS,classical,93,0.8,0.544029688192248,0.0066356658935546875,0.9918916481662055,numpy,True,
RS,classical,94,0.8,0.6339154535530339,0.006689786911010742,0.9966397833710045,numpy,True,
RS,classical,95,0.8,0.5203722229465868,0.006517887115478516,0.9905462925824208,numpy,True,
RS,classical,96,0.8,0.6153677946628937,0.006504058837890625,0.9958060251365906,numpy,True,
RS,classical,97,0.8,0.6245717084764562,0.0067729949951171875,0.9902665677746437,numpy,True,
RS,classical,98,0.8,0.650635050191825,0.006444454193115234,0.9973523247611893,numpy,True,
RS,classical,99,0.8,0.5530567432142844,0.00676417350769043,0.9971569695319067,numpy,True,
DFA,classical,0,0.2,0.056461838358996076,0.01312255859375,0.9078633764220955,numpy,True,
DFA,classical,1,0.2,0.06464840667477087,0.014018774032592773,0.9293716648236041,numpy,True,
DFA,classical,2,0.2,0.06936170247783856,0.013504505157470703,0.9677137512082049,numpy,True,
DFA,classical,3,0.2,0.07286300486479232,0.013428449630737305,0.9116184586565326,numpy,True,
DFA,classical,4,0.2,0.06605597135083038,0.01331472396850586,0.9478908784375025,numpy,True,
DFA,classical,5,0.2,0.06400785496721648,0.013135433197021484,0.9361899093979188,numpy,True,
DFA,classical,6,0.2,0.07023561719481783,0.013142585754394531,0.9542427021481245,numpy,True,
DFA,classical,7,0.2,0.05192121942085851,0.013199567794799805,0.8497677702740236,numpy,True,
DFA,classical,8,0.2,0.08005978164510766,0.013237476348876953,0.964108145651793,numpy,True,
DFA,classical,9,0.2,0.07364934963113462,0.01328277587890625,0.9577815560380305,numpy,True,
DFA,classical,10,0.2666666666666667,0.07202412807627266,0.013369560241699219,0.9603304765225943,numpy,True,
DFA,classical,11,0.2666666666666667,0.05761582086324458,0.013531684875488281,0.9243014652843101,numpy,True,
DFA,classical,12,0.2666666666666667,0.05644724522153264,0.01347804069519043,0.893337734383188,numpy,True,
DFA,classical,13,0.2666666666666667,0.059797271475186514,0.013420581817626953,0.9477759561376856,numpy,True,
DFA,classical,14,0.2666666666666667,0.07017679315887139,0.013355255126953125,0.9398373622525356,numpy,True,
DFA,classical,15,0.2666666666666667,0.046832090984020094,0.01348567008972168,0.9309381158857588,numpy,True,
DFA,classical,16,0.2666666666666667,0.055363944608807523,0.012692689895629883,0.9259990222941831,numpy,True,
DFA,classical,17,0.2666666666666667,0.05218480288399924,0.013092994689941406,0.8936047019272517,numpy,True,
DFA,classical,18,0.2666666666666667,0.057668472264098034,0.013284683227539062,0.9463170296765511,numpy,True,
DFA,classical,19,0.2666666666666667,0.05334357892277756,0.014375686645507812,0.9078706459679659,numpy,True,
DFA,classical,20,0.33333333333333337,0.046068353885267144,0.013275861740112305,0.7910737715287822,numpy,True,
DFA,classical,21,0.33333333333333337,0.062400489399610744,0.013512611389160156,0.9299480749495415,numpy,True,
DFA,classical,22,0.33333333333333337,0.06224639270142251,0.013541460037231445,0.9306249287455837,numpy,True,
DFA,classical,23,0.33333333333333337,0.046999165052109604,0.015013456344604492,0.8576457748139553,numpy,True,
DFA,classical,24,0.33333333333333337,0.047931787415959465,0.014289379119873047,0.9226303621031429,numpy,True,
DFA,classical,25,0.33333333333333337,0.05553635136844692,0.013573408126831055,0.8529098201834213,numpy,True,
DFA,classical,26,0.33333333333333337,0.05236780070837322,0.015465497970581055,0.9021508434604213,numpy,True,
DFA,classical,27,0.33333333333333337,0.06457996387531237,0.016097068786621094,0.9236180417617504,numpy,True,
DFA,classical,28,0.33333333333333337,0.04914836229424487,0.018988847732543945,0.8290885139959142,numpy,True,
DFA,classical,29,0.33333333333333337,0.07200179448120714,0.017194509506225586,0.8926161239948742,numpy,True,
DFA,classical,30,0.4,0.05581017869392117,0.017368078231811523,0.9323959048744943,numpy,True,
DFA,classical,31,0.4,0.05191347970154664,0.017537593841552734,0.8255690858032675,numpy,True,
DFA,classical,32,0.4,0.05578616129765606,0.017225265502929688,0.8049979750562212,numpy,True,
DFA,classical,33,0.4,0.03740959446394161,0.015909194946289062,0.7892941920973587,numpy,True,
DFA,classical,34,0.4,0.05373060804558218,0.014761924743652344,0.8798098797848211,numpy,True,
DFA,classical,35,0.4,0.04542325099804492,0.013534069061279297,0.8956740716827132,numpy,True,
DFA,classical,36,0.4,0.04883478308320547,0.014133691787719727,0.9253598334645322,numpy,True,
DFA,classical,37,0.4,0.05920838460683483,0.012574195861816406,0.9278112036633606,numpy,True,
DFA,classical,38,0.4,0.05415456052507478,0.015591144561767578,0.8306716018858462,numpy,True,
DFA,classical,39,0.4,0.053774327479370616,0.0166475772857666,0.8739686216578837,numpy,True,
DFA,classical,40,0.46666666666666673,0.05731167056188482,0.01705312728881836,0.8760053937770484,numpy,True,
DFA,classical,41,0.46666666666666673,0.045442169490964204,0.01664423942565918,0.9229229312966627,numpy,True,
DFA,classical,42,0.46666666666666673,0.04459221949415128,0.016114234924316406,0.8277585919760263,numpy,True,
DFA,classical,43,0.46666666666666673,0.053432356311731585,0.016781091690063477,0.8743316237136048,numpy,True,
DFA,classical,44,0.46666666666666673,0.04967648659329089,0.016130685806274414,0.8624213393875247,numpy,True,
DFA,classical,45,0.46666666666666673,0.05004499553260815,0.016321420669555664,0.8940492568299837,numpy,True,
DFA,classical,46,0.46666666666666673,0.048642019628156466,0.0163419246673584,0.7611841714622135,numpy,True,
DFA,classical,47,0.46666666666666673,0.05173512496419877,0.016040325164794922,0.8897766301099531,numpy,True,
DFA,classical,48,0.46666666666666673,0.04468418816635699,0.014334678649902344,0.8487053712668031,numpy,True,
DFA,classical,49,0.46666666666666673,0.05863855914483105,0.014121294021606445,0.9356734521625227,numpy,True,
DFA,classical,50,0.5333333333333334,0.06030897560460865,0.01300191879272461,0.8787413630384718,numpy,True,
DFA,classical,51,0.5333333333333334,0.04758055261529714,0.013309001922607422,0.8248056815099998,numpy,True,
DFA,classical,52,0.5333333333333334,0.060202883520847954,0.01343989372253418,0.8496990465750072,numpy,True,
DFA,classical,53,0.5333333333333334,0.04896272012345271,0.01511383056640625,0.8610910937383919,numpy,True,
DFA,classical,54,0.5333333333333334,0.04376069660000555,0.014592885971069336,0.8410374737494094,numpy,True,
DFA,classical,55,0.5333333333333334,0.04564700181954864,0.015753984451293945,0.9174367858297553,numpy,True,
DFA,classical,56,0.5333333333333334,0.04545954824437925,0.01484990119934082,0.7927692086662654,numpy,True,
DFA,classical,57,0.5333333333333334,0.04072691309616075,0.014813899993896484,0.865196976771334,numpy,True,
DFA,classical,58,0.5333333333333334,0.04649246072815483,0.01531076431274414,0.8062275740715139,numpy,True,
DFA,classical,59,0.5333333333333334,0.05061734078509544,0.01329660415649414,0.8390309978054088,numpy,True,
DFA,classical,60,0.6000000000000001,0.050912595637503326,0.012931346893310547,0.8581930054754686,numpy,True,
DFA,classical,61,0.6000000000000001,0.03789302763238804,0.01315617561340332,0.8687903401849203,numpy,True,
DFA,classical,62,0.6000000000000001,0.052849205662709293,0.012371540069580078,0.885072044793456,numpy,True,
DFA,classical,63,0.6000000000000001,0.05083143096095793,0.012359619140625,0.8554197073865704,numpy,True,
DFA,classical,64,0.6000000000000001,0.06410614867972078,0.012396812438964844,0.896483577532245,numpy,True,
DFA,classical,65,0.6000000000000001,0.04434521697162805,0.014488458633422852,0.8854003203802678,numpy,True,
DFA,classical,66,0.6000000000000001,0.043923430201532186,0.01661396026611328,0.8603838960958456,numpy,True,
DFA,classical,67,0.6000000000000001,0.04875833397435152,0.0167996883392334,0.8322680400254381,numpy,True,
DFA,classical,68,0.6000000000000001,0.04663877378119663,0.01629185676574707,0.9033264066015306,numpy,True,
DFA,classical,69,0.6000000000000001,0.05871606871562926,0.01591801643371582,0.889084009542905,numpy,True,
DFA,classical,70,0.6666666666666667,0.051231021692777434,0.016811132431030273,0.8487800453356878,numpy,True,
DFA,classical,71,0.6666666666666667,0.034839358914155585,0.016451597213745117,0.8620367550291484,numpy,True,
DFA,classical,72,0.6666666666666667,0.050909783490788216,0.015603303909301758,0.873960472418546,numpy,True,
DFA,classical,73,0.6666666666666667,0.041878186832561025,0.015712976455688477,0.9181426855140239,numpy,True,
DFA,classical,74,0.6666666666666667,0.047096940908252095,0.01627635955810547,0.8864423547006669,numpy,True,
DFA,classical,75,0.6666666666666667,0.0472447324793797,0.01621866226196289,0.9012454870477402,numpy,True,
DFA,classical,76,0.6666666666666667,0.04466141218815251,0.015942811965942383,0.8959025114633902,numpy,True,
DFA,classical,77,0.6666666666666667,0.05620814800762775,0.015303611755371094,0.813696256497636,numpy,True,
DFA,classical,78,0.6666666666666667,0.045765598945040654,0.01641392707824707,0.923851991641338,numpy,True,
DFA,classical,79,0.6666666666666667,0.05052126512929364,0.0160214900970459,0.8887182484481032,numpy,True,
DFA,classical,80,0.7333333333333334,0.055868628657902486,0.01607966423034668,0.880431037366433,numpy,True,
DFA,classical,81,0.7333333333333334,0.04593715689246304,0.01633477210998535,0.8697560937979745,numpy,True,
DFA,classical,82,0.7333333333333334,0.0448274928649983,0.016017436981201172,0.9157405953224418,numpy,True,
DFA,classical,83,0.7333333333333334,0.04650309861478705,0.016065597534179688,0.9002091734061468,numpy,True,
DFA,classical,84,0.7333333333333334,0.04132878807767064,0.015648603439331055,0.7891923149634812,numpy,True,
DFA,classical,85,0.7333333333333334,0.04468685777815984,0.01645207405090332,0.8260580950154366,numpy,True,
DFA,classical,86,0.7333333333333334,0.043763247357396964,0.015232086181640625,0.7792221508287842,numpy,True,
DFA,classical,87,0.7333333333333334,0.05667734297573158,0.01610875129699707,0.8345379048390953,numpy,True,
DFA,classical,88,0.7333333333333334,0.0520965849332202,0.016114473342895508,0.9569693025232283,numpy,True,
DFA,classical,89,0.7333333333333334,0.03746425572026278,0.01568913459777832,0.8355441198247258,numpy,True,
DFA,classical,90,0.8,0.049411908213553714,0.01683640480041504,0.8366894481648669,numpy,True,
DFA,classical,91,0.8,0.041073279529014156,0.015661954879760742,0.8629203621507778,numpy,True,
DFA,classical,92,0.8,0.06312372759814415,0.016880035400390625,0.8822406226462395,numpy,True,
DFA,classical,93,0.8,0.044308368454779555,0.01401519775390625,0.8292629877677984,numpy,True,
DFA,classical,94,0.8,0.04917640187659829,0.015727996826171875,0.9368045360049748,numpy,True,
DFA,classical,95,0.8,0.04599626588978836,0.015969038009643555,0.8052178774770242,numpy,True,
DFA,classical,96,0.8,0.05053516869862501,0.016089200973510742,0.8952826535248272,numpy,True,
DFA,classical,97,0.8,0.04955899532980079,0.015713930130004883,0.8421742439578037,numpy,True,
DFA,classical,98,0.8,0.058475360362161125,0.01605510711669922,0.9093546914970013,numpy,True,
DFA,classical,99,0.8,0.053619219108476245,0.014743804931640625,0.8197472550135004,numpy,True,
GPH,classical,0,0.2,0.8657010422202531,0.0010199546813964844,0.7588849564940667,numpy,True,
GPH,classical,1,0.2,0.99,0.000530242919921875,0.9600285971262488,numpy,True,
GPH,classical,2,0.2,0.99,0.0004780292510986328,0.9964892759920272,numpy,True,
GPH,classical,3,0.2,0.99,0.000408172607421875,0.9238113328639918,numpy,True,
GPH,classical,4,0.2,0.99,0.0005528926849365234,0.9925876064199664,numpy,True,
GPH,classical,5,0.2,0.9509638836855607,0.00045180320739746094,0.9162037938783443,numpy,True,
GPH,classical,6,0.2,0.99,0.0003921985626220703,0.8398748392956976,numpy,True,
GPH,classical,7,0.2,0.9452936333663822,0.00036263465881347656,0.8598243751717698,numpy,True,
GPH,classical,8,0.2,0.99,0.0003936290740966797,0.8612109629360696,numpy,True,
GPH,classical,9,0.2,0.99,0.0003402233123779297,0.9679870079962883,numpy,True,
GPH,classical,10,0.2666666666666667,0.5358368659667165,0.00041174888610839844,0.9208676421486774,numpy,True,
GPH,classical,11,0.2666666666666667,0.5848370098828539,0.00044226646423339844,0.2509905491666867,numpy,True,
GPH,classical,12,0.2666666666666667,0.7774441532220491,0.0004355907440185547,0.8936914319987728,numpy,True,
GPH,classical,13,0.2666666666666667,0.9648673049077973,0.00046706199645996094,0.7454295300917145,numpy,True,
GPH,classical,14,0.2666666666666667,0.7754649628262771,0.0004401206970214844,0.9737975342193596,numpy,True,
GPH,classical,15,0.2666666666666667,0.9140485965129221,0.0007185935974121094,0.9752226534777793,numpy,True,
GPH,classical,16,0.2666666666666667,0.7887926016413719,0.0006661415100097656,0.6159348554396181,numpy,True,
GPH,classical,17,0.2666666666666667,0.7929117987608837,0.0006597042083740234,0.9986848194489548,numpy,True,
GPH,classical,18,0.2666666666666667,0.99,0.0005381107330322266,0.992344253412149,numpy,True,
GPH,classical,19,0.2666666666666667,0.9280396172947973,0.0004246234893798828,0.9628801643755661,numpy,True,
GPH,classical,20,0.33333333333333337,0.7015677938227722,0.00038051605224609375,0.030932335939496205,numpy,True,
GPH,classical,21,0.33333333333333337,0.6896370264336106,0.0002758502960205078,0.0014986315512997448,numpy,True,
GPH,classical,22,0.33333333333333337,0.8011620671343808,0.0002505779266357422,0.08938889333226724,numpy,True,
GPH,classical,23,0.33333333333333337,0.7897294839469775,0.0003342628479003906,0.39616858753813117,numpy,True,
GPH,classical,24,0.33333333333333337,0.7522004759882623,0.00031828880310058594,0.774777252591443,numpy,True,
GPH,classical,25,0.33333333333333337,0.7019158091145983,0.0002968311309814453,0.42829930546883527,numpy,True,
GPH,classical,26,0.33333333333333337,0.9302482743268714,0.00037932395935058594,0.9984478799720021,numpy,True,
GPH,classical,27,0.33333333333333337,0.8146101532780925,0.00035881996154785156,0.4856649529909159,numpy,True,
GPH,classical,28,0.33333333333333337,0.4986440586030614,0.00034689903259277344,0.7483977695402526,numpy,True,
GPH,classical,29,0.33333333333333337,0.6573766393569715,0.00035572052001953125,0.17525033873632617,numpy,True,
GPH,classical,30,0.4,0.85693681148719,0.0004107952117919922,0.9802939702938221,numpy,True,
GPH,classical,31,0.4,0.7618846234128317,0.0005159378051757812,0.24078985397172162,numpy,True,
GPH,classical,32,0.4,0.6157229042235836,0.0005295276641845703,0.5317890852870621,numpy,True,
GPH,classical,33,0.4,0.6870868669599007,0.0004990100860595703,0.002889096767309011,numpy,True,
GPH,classical,34,0.4,0.40712809233739833,0.00041556358337402344,0.9143050906071847,numpy,True,
GPH,classical,35,0.4,0.6289883316320509,0.0006740093231201172,0.24556204890282857,numpy,True,
GPH,classical,36,0.4,0.5760129059522439,0.0005953311920166016,0.5628777320396364,numpy,True,
GPH,classical,37,0.4,0.6294086384115112,0.000492095947265625,0.9984371753811059,numpy,True,
GPH,classical,38,0.4,0.2858523554815421,0.0005450248718261719,0.9527134977757955,numpy,True,
GPH,classical,39,0.4,0.6947710025723719,0.0006916522979736328,0.5073488020924437,numpy,True,
GPH,classical,40,0.46666666666666673,0.33027218417578663,0.0007970333099365234,0.45530468847708666,numpy,True,
GPH,classical,41,0.46666666666666673,0.8039239275319998,0.0006847381591796875,0.3416988107896355,numpy,True,
GPH,classical,42,0.46666666666666673,0.5485983176476203,0.000652313232421875,0.8383758065187533,numpy,True,
GPH,classical,43,0.46666666666666673,0.7539892181742157,0.0006430149078369141,0.5938693579381598,numpy,True,
GPH,classical,44,0.46666666666666673,0.5315775343746771,0.0007510185241699219,0.6842342951745972,numpy,True,
GPH,classical,45,0.46666666666666673,0.5889051273608615,0.0004470348358154297,0.20447663937173477,numpy,True,
GPH,classical,46,0.46666666666666673,0.7845323474783155,0.0004100799560546875,0.9647825316918313,numpy,True,
GPH,classical,47,0.46666666666666673,0.775497676032743,0.0003604888916015625,0.20162261798315967,numpy,True,
GPH,classical,48,0.46666666666666673,0.5163809360352023,0.0003070831298828125,0.7198633089186779,numpy,True,
GPH,classical,49,0.46666666666666673,0.8514847536577225,0.0002856254577636719,0.6433253067968591,numpy,True,
GPH,classical,50,0.5333333333333334,0.8230556737120768,0.0003676414489746094,0.6771300562007856,numpy,True,
GPH,classical,51,0.5333333333333334,0.4515771926733735,0.0003871917724609375,0.626093510884655,numpy,True,
GPH,classical,52,0.5333333333333334,0.676910632837628,0.0005049705505371094,0.0007920216374619376,numpy,True,
GPH,classical,53,0.5333333333333334,0.3326040498042221,0.0005404949188232422,0.9986211497090733,numpy,True,
GPH,classical,54,0.5333333333333334,0.6867293596684336,0.0005996227264404297,0.01106788698649031,numpy,True,
GPH,classical,55,0.5333333333333334,0.7590087889860868,0.0004353523254394531,0.6386908993714826,numpy,True,
GPH,classical,56,0.5333333333333334,0.16424625088942957,0.0003540515899658203,0.9674500701227594,numpy,True,
GPH,classical,57,0.5333333333333334,0.539230834821706,0.00026154518127441406,0.528440840490154,numpy,True,
GPH,classical,58,0.5333333333333334,0.99,0.00027179718017578125,0.6190882138346163,numpy,True,
GPH,classical,59,0.5333333333333334,0.6616030736857317,0.00035119056701660156,0.011550758612031706,numpy,True,
GPH,classical,60,0.6000000000000001,0.2863588058960952,0.00033545494079589844,0.9753313616369178,numpy,True,
GPH,classical,61,0.6000000000000001,0.6163688959862674,0.0005180835723876953,0.7679582675741403,numpy,True,
GPH,classical,62,0.6000000000000001,0.8831428281694749,0.0005738735198974609,0.8903540320523428,numpy,True,
GPH,classical,63,0.6000000000000001,0.4803394578355181,0.0005197525024414062,0.6994457671359771,numpy,True,
GPH,classical,64,0.6000000000000001,0.5926683003777314,0.0004971027374267578,0.12695134408457992,numpy,True,
GPH,classical,65,0.6000000000000001,0.5370875516476104,0.000469207763671875,0.46380611484244916,numpy,True,
GPH,classical,66,0.6000000000000001,0.7042583211392488,0.0003910064697265625,0.04737785158644103,numpy,True,
GPH,classical,67,0.6000000000000001,0.932040646930413,0.00036716461181640625,0.9857702145332324,numpy,True,
GPH,classical,68,0.6000000000000001,0.5782818211795742,0.0004544258117675781,0.41238213164552123,numpy,True,
GPH,classical,69,0.6000000000000001,0.7924725276635604,0.00032258033752441406,0.4144192503609949,numpy,True,
GPH,classical,70,0.6666666666666667,0.4119729316773062,0.0002918243408203125,0.9266848519609987,numpy,True,
GPH,classical,71,0.6666666666666667,0.7677272201667888,0.0002880096435546875,0.6774239571120205,numpy,True,
GPH,classical,72,0.6666666666666667,0.5421613302253663,0.0003075599670410156,0.6307321862904638,numpy,True,
GPH,classical,73,0.6666666666666667,0.5433926308060897,0.0003273487091064453,0.6795768642029547,numpy,True,
GPH,classical,74,0.6666666666666667,0.40286938550640405,0.00036978721618652344,0.9460064241230138,numpy,True,
GPH,classical,75,0.6666666666666667,0.5382615047530203,0.00042128562927246094,0.30411413595363734,numpy,True,
GPH,classical,76,0.6666666666666667,0.8100601818403621,0.0004680156707763672,0.8507836616529434,numpy,True,
GPH,classical,77,0.6666666666666667,0.5698500190995548,0.00045418739318847656,0.9570050548705179,numpy,True,
GPH,classical,78,0.6666666666666667,0.6633638269234554,0.0007648468017578125,0.009338190781907361,numpy,True,
GPH,classical,79,0.6666666666666667,0.5762133550765863,0.0007593631744384766,0.6906084558080455,numpy,True,
GPH,classical,80,0.7333333333333334,0.6135933532478764,0.0005762577056884766,0.6024642734975068,numpy,True,
GPH,classical,81,0.7333333333333334,0.6359582747213306,0.0005161762237548828,0.5165809350766642,numpy,True,
GPH,classical,82,0.7333333333333334,0.7350594335229734,0.0005719661712646484,0.5794298020819026,numpy,True,
GPH,classical,83,0.7333333333333334,0.8264312400107008,0.00047469139099121094,0.898118936096374,numpy,True,
GPH,classical,84,0.7333333333333334,0.45799481647583806,0.0004723072052001953,0.9280032154773948,numpy,True,
GPH,classical,85,0.7333333333333334,0.7122628660022587,0.0006186962127685547,0.09211770769132357,numpy,True,
GPH,classical,86,0.7333333333333334,0.4153682200373787,0.0005397796630859375,0.9481551568381469,numpy,True,
GPH,classical,87,0.7333333333333334,0.6591390470956777,0.0005235671997070312,0.2492708970890111,numpy,True,
GPH,classical,88,0.7333333333333334,0.8884880663274788,0.000255584716796875,0.9083283050739684,numpy,True,
GPH,classical,89,0.7333333333333334,0.6490104793309015,0.00024199485778808594,0.1629240762187335,numpy,True,
GPH,classical,90,0.8,0.7891967981672383,0.00026297569274902344,0.994590020466479,numpy,True,
GPH,classical,91,0.8,0.5552197400087788,0.0002715587615966797,0.3553622348008877,numpy,True,
GPH,classical,92,0.8,0.6415749557963797,0.00031828880310058594,0.9542620364669336,numpy,True,
GPH,classical,93,0.8,0.6673178304153822,0.00045180320739746094,0.005234383766133091,numpy,True,
GPH,classical,94,0.8,0.8453412821634726,0.00046753883361816406,0.999883354449305,numpy,True,
GPH,classical,95,0.8,0.3164227295452965,0.000453948974609375,0.7534874785636163,numpy,True,
GPH,classical,96,0.8,0.509633134406765,0.0005321502685546875,0.8906545246462073,numpy,True,
GPH,classical,97,0.8,0.4680588570726102,0.0005574226379394531,0.9927279438763604,numpy,True,
GPH,classical,98,0.8,0.8557753858332433,0.0005156993865966797,0.8844916780299047,numpy,True,
GPH,classical,99,0.8,0.4310491092531763,0.0005259513854980469,0.6071179806025018,numpy,True,
Whittle,classical,0,0.2,0.7,0.00041413307189941406,0.0021424522701210045,Spectral_Adaptive,True,
Whittle,classical,1,0.2,0.7,0.00029754638671875,0.02792450110736684,Spectral_Adaptive,True,
Whittle,classical,2,0.2,0.7,0.0001842975616455078,0.00018993001849389074,Spectral_Adaptive,True,
Whittle,classical,3,0.2,0.7,0.0001399517059326172,0.0037806299577598057,Spectral_Adaptive,True,
Whittle,classical,4,0.2,0.7,0.00015020370483398438,0.01968022305081778,Spectral_Adaptive,True,
Whittle,classical,5,0.2,0.7,0.00018334388732910156,0.0020613463396285327,Spectral_Adaptive,True,
Whittle,classical,6,0.2,0.7,0.000202178955078125,0.013091612917121962,Spectral_Adaptive,True,
Whittle,classical,7,0.2,0.7,0.00020384788513183594,0.006241693682457334,Spectral_Adaptive,True,
Whittle,classical,8,0.2,0.7,0.0002415180206298828,0.01790526161196465,Spectral_Adaptive,True,
Whittle,classical,9,0.2,0.7,0.0001881122589111328,0.019804883493111058,Spectral_Adaptive,True,
Whittle,classical,10,0.2666666666666667,0.7,0.0001361370086669922,0.04056537550999632,Spectral_Adaptive,True,
Whittle,classical,11,0.2666666666666667,0.7,0.00013208389282226562,0.0003196710289217741,Spectral_Adaptive,True,
Whittle,classical,12,0.2666666666666667,0.7,0.00017309188842773438,0.02466177902056871,Spectral_Adaptive,True,
Whittle,classical,13,0.2666666666666667,0.7,0.00016021728515625,0.008571514659056654,Spectral_Adaptive,True,
Whittle,classical,14,0.2666666666666667,0.7,0.00019979476928710938,0.004156534316076027,Spectral_Adaptive,True,
Whittle,classical,15,0.2666666666666667,0.7,0.00015783309936523438,0.07600126284693648,Spectral_Adaptive,True,
Whittle,classical,16,0.2666666666666667,0.7,0.0002346038818359375,0.0001354498110530463,Spectral_Adaptive,True,
Whittle,classical,17,0.2666666666666667,0.7,0.0002200603485107422,0.013764489808478787,Spectral_Adaptive,True,
Whittle,classical,18,0.2666666666666667,0.7,0.000255584716796875,0.014794804673923205,Spectral_Adaptive,True,
Whittle,classical,19,0.2666666666666667,0.7,0.0001876354217529297,0.026687855586356314,Spectral_Adaptive,True,
Whittle,classical,20,0.33333333333333337,0.7,0.00028777122497558594,0.0005002098200984869,Spectral_Adaptive,True,
Whittle,classical,21,0.33333333333333337,0.7,0.0002841949462890625,0.018878289975112903,Spectral_Adaptive,True,
Whittle,classical,22,0.33333333333333337,0.7,0.0002117156982421875,0.003423437708506639,Spectral_Adaptive,True,
Whittle,classical,23,0.33333333333333337,0.7,0.0001823902130126953,0.0005936058548985556,Spectral_Adaptive,True,
Whittle,classical,24,0.33333333333333337,0.7,0.0001742839813232422,0.0005814731943783625,Spectral_Adaptive,True,
Whittle,classical,25,0.33333333333333337,0.7,0.00016999244689941406,0.0018652057236183853,Spectral_Adaptive,True,
Whittle,classical,26,0.33333333333333337,0.7,0.00014328956604003906,7.106689590842695e-06,Spectral_Adaptive,True,
Whittle,classical,27,0.33333333333333337,0.7,0.00014972686767578125,0.007119901522930272,Spectral_Adaptive,True,
Whittle,classical,28,0.33333333333333337,0.7,0.0001323223114013672,0.000860567808008128,Spectral_Adaptive,True,
Whittle,classical,29,0.33333333333333337,0.7,0.00012755393981933594,0.003585107509223459,Spectral_Adaptive,True,
Whittle,classical,30,0.4,0.7,0.00016260147094726562,0.005348042985574834,Spectral_Adaptive,True,
Whittle,classical,31,0.4,0.7,0.0001437664031982422,0.01797946978155126,Spectral_Adaptive,True,
Whittle,classical,32,0.4,0.7,0.0001850128173828125,0.007398773717762907,Spectral_Adaptive,True,
Whittle,classical,33,0.4,0.7,0.00030517578125,0.0007570734705030127,Spectral_Adaptive,True,
Whittle,classical,34,0.4,0.7,0.00020956993103027344,0.007548879727181769,Spectral_Adaptive,True,
Whittle,classical,35,0.4,0.7,0.0001823902130126953,0.00016326955088713586,Spectral_Adaptive,True,
Whittle,classical,36,0.4,0.7,0.0001614093780517578,0.0030932690015341175,Spectral_Adaptive,True,
Whittle,classical,37,0.4,0.7,0.0001533031463623047,5.988729998019317e-07,Spectral_Adaptive,True,
Whittle,classical,38,0.4,0.7,0.00020456314086914062,0.009988514595222785,Spectral_Adaptive,True,
Whittle,classical,39,0.4,0.7,0.0002162456512451172,0.038710128238264474,Spectral_Adaptive,True,
Whittle,classical,40,0.46666666666666673,0.7,0.00019240379333496094,0.00396461223141705,Spectral_Adaptive,True,
Whittle,classical,41,0.46666666666666673,0.7,0.0001888275146484375,0.02208924767208429,Spectral_Adaptive,True,
Whittle,classical,42,0.46666666666666673,0.7,0.0001308917999267578,0.03652544480950024,Spectral_Adaptive,True,
Whittle,classical,43,0.46666666666666673,0.7,0.00016689300537109375,2.754091947990366e-05,Spectral_Adaptive,True,
Whittle,classical,44,0.46666666666666673,0.7,0.0001583099365234375,0.007673839758914569,Spectral_Adaptive,True,
Whittle,classical,45,0.46666666666666673,0.7,0.0001220703125,0.004202745414561713,Spectral_Adaptive,True,
Whittle,classical,46,0.46666666666666673,0.7,0.00012087821960449219,0.0005278988187834376,Spectral_Adaptive,True,
Whittle,classical,47,0.46666666666666673,0.7,0.0001220703125,0.0021040559846507586,Spectral_Adaptive,True,
Whittle,classical,48,0.46666666666666673,0.7,0.0001304149627685547,1.1754006565923443e-05,Spectral_Adaptive,True,
Whittle,classical,49,0.46666666666666673,0.7,0.0001323223114013672,0.0034463471421379405,Spectral_Adaptive,True,
Whittle,classical,50,0.5333333333333334,0.7,0.0001544952392578125,0.00018938192027188904,Spectral_Adaptive,True,
Whittle,classical,51,0.5333333333333334,0.7,0.00022792816162109375,0.018549962812769605,Spectral_Adaptive,True,
Whittle,classical,52,0.5333333333333334,0.7,0.00024890899658203125,0.012607696244135838,Spectral_Adaptive,True,
Whittle,classical,53,0.5333333333333334,0.7,0.00023245811462402344,0.00883531583605447,Spectral_Adaptive,True,
Whittle,classical,54,0.5333333333333334,0.7,0.00027441978454589844,0.0003801239576432985,Spectral_Adaptive,True,
Whittle,classical,55,0.5333333333333334,0.7,0.0002434253692626953,0.00720823912462235,Spectral_Adaptive,True,
Whittle,classical,56,0.5333333333333334,0.7,0.00013685226440429688,0.00040516650846842865,Spectral_Adaptive,True,
Whittle,classical,57,0.5333333333333334,0.7,0.0001304149627685547,0.012496395110342165,Spectral_Adaptive,True,
Whittle,classical,58,0.5333333333333334,0.7,0.00012540817260742188,0.01184644596834078,Spectral_Adaptive,True,
Whittle,classical,59,0.5333333333333334,0.7,0.00012612342834472656,0.0211504172355561,Spectral_Adaptive,True,
Whittle,classical,60,0.6000000000000001,0.7,0.00016236305236816406,0.022368351934605343,Spectral_Adaptive,True,
Whittle,classical,61,0.6000000000000001,0.7,0.00016641616821289062,0.0009904315293078091,Spectral_Adaptive,True,
Whittle,classical,62,0.6000000000000001,0.7,0.00013375282287597656,0.011799157525691278,Spectral_Adaptive,True,
Whittle,classical,63,0.6000000000000001,0.7,0.00012302398681640625,0.009204557560990364,Spectral_Adaptive,True,
Whittle,classical,64,0.6000000000000001,0.7,0.00014352798461914062,0.008467214651330508,Spectral_Adaptive,True,
Whittle,classical,65,0.6000000000000001,0.7,0.00012922286987304688,0.00149346938706172,Spectral_Adaptive,True,
Whittle,classical,66,0.6000000000000001,0.7,0.00012874603271484375,0.0037983638623796906,Spectral_Adaptive,True,
Whittle,classical,67,0.6000000000000001,0.7,0.00012636184692382812,0.010354337296345644,Spectral_Adaptive,True,
Whittle,classical,68,0.6000000000000001,0.7,0.0001266002655029297,0.001980949931689629,Spectral_Adaptive,True,
Whittle,classical,69,0.6000000000000001,0.7,0.00014853477478027344,0.010898334557743132,Spectral_Adaptive,True,
Whittle,classical,70,0.6666666666666667,0.7,0.0001633167266845703,0.00022584319833298248,Spectral_Adaptive,True,
Whittle,classical,71,0.6666666666666667,0.7,0.0002384185791015625,0.0008265801286499319,Spectral_Adaptive,True,
Whittle,classical,72,0.6666666666666667,0.7,0.0001552104949951172,0.010212856843509848,Spectral_Adaptive,True,
Whittle,classical,73,0.6666666666666667,0.7,0.0001270771026611328,0.003001127717872246,Spectral_Adaptive,True,
Whittle,classical,74,0.6666666666666667,0.7,0.00012612342834472656,0.007771311657457216,Spectral_Adaptive,True,
Whittle,classical,75,0.6666666666666667,0.7,0.00013947486877441406,0.006275681459876975,Spectral_Adaptive,True,
Whittle,classical,76,0.6666666666666667,0.7,0.000125885009765625,0.020510832674633866,Spectral_Adaptive,True,
Whittle,classical,77,0.6666666666666667,0.7,0.00012254714965820312,0.01698092212452646,Spectral_Adaptive,True,
Whittle,classical,78,0.6666666666666667,0.7,0.00013136863708496094,4.733910532353513e-05,Spectral_Adaptive,True,
Whittle,classical,79,0.6666666666666667,0.7,0.00015211105346679688,6.027273766978721e-05,Spectral_Adaptive,True,
Whittle,classical,80,0.7333333333333334,0.7,0.00018310546875,0.007397458530281564,Spectral_Adaptive,True,
Whittle,classical,81,0.7333333333333334,0.7,0.00017333030700683594,0.00779742232520724,Spectral_Adaptive,True,
Whittle,classical,82,0.7333333333333334,0.7,0.00015664100646972656,0.02773931980818308,Spectral_Adaptive,True,
Whittle,classical,83,0.7333333333333334,0.7,0.0001327991485595703,0.017810522282198878,Spectral_Adaptive,True,
Whittle,classical,84,0.7333333333333334,0.7,0.00013065338134765625,0.008509919575106877,Spectral_Adaptive,True,
Whittle,classical,85,0.7333333333333334,0.7,0.00013136863708496094,0.0006840756562910428,Spectral_Adaptive,True,
Whittle,classical,86,0.7333333333333334,0.7,0.000171661376953125,0.0057330331033282915,Spectral_Adaptive,True,
Whittle,classical,87,0.7333333333333334,0.7,0.00019693374633789062,0.00840605934109085,Spectral_Adaptive,True,
Whittle,classical,88,0.7333333333333334,0.7,0.0001914501190185547,0.0013155604869786825,Spectral_Adaptive,True,
Whittle,classical,89,0.7333333333333334,0.7,0.00022339820861816406,0.00029020717201622555,Spectral_Adaptive,True,
Whittle,classical,90,0.8,0.7,0.00017118453979492188,0.0020924302736497744,Spectral_Adaptive,True,
Whittle,classical,91,0.8,0.7,0.00014400482177734375,0.010716794289970143,Spectral_Adaptive,True,
Whittle,classical,92,0.8,0.7,0.0001480579376220703,0.0033412094408165095,Spectral_Adaptive,True,
Whittle,classical,93,0.8,0.7,0.0001385211944580078,0.0030309855427377986,Spectral_Adaptive,True,
Whittle,classical,94,0.8,0.7,0.00015234947204589844,0.0069281424624187266,Spectral_Adaptive,True,
Whittle,classical,95,0.8,0.7,0.0001392364501953125,0.057665600472769425,Spectral_Adaptive,True,
Whittle,classical,96,0.8,0.7,0.00017881393432617188,0.04088809228931252,Spectral_Adaptive,True,
Whittle,classical,97,0.8,0.7,0.00017547607421875,0.002824396123182265,Spectral_Adaptive,True,
Whittle,classical,98,0.8,0.7,0.00017952919006347656,3.710435147240798e-05,Spectral_Adaptive,True,
Whittle,classical,99,0.8,0.7,0.00017595291137695312,0.005000994665967987,Spectral_Adaptive,True,
SVR,ml,0,0.2,0.20078205248458625,0.013066530227661133,0.0,SVR_ML,True,
SVR,ml,1,0.2,0.3000222515447559,0.013072490692138672,0.0,SVR_ML,True,
SVR,ml,2,0.2,0.2999768228325701,0.013921022415161133,0.0,SVR_ML,True,
SVR,ml,3,0.2,0.29970618459350923,0.014885187149047852,0.0,SVR_ML,True,
SVR,ml,4,0.2,0.4121322697532399,0.012782812118530273,0.0,SVR_ML,True,
SVR,ml,5,0.2,0.30027254799885017,0.01323246955871582,0.0,SVR_ML,True,
SVR,ml,6,0.2,0.3001564609450836,0.013906717300415039,0.0,SVR_ML,True,
SVR,ml,7,0.2,0.3002835932352282,0.012888669967651367,0.0,SVR_ML,True,
SVR,ml,8,0.2,0.27983486042469385,0.012934207916259766,0.0,SVR_ML,True,
SVR,ml,9,0.2,0.30007509258383724,0.013240575790405273,0.0,SVR_ML,True,
SVR,ml,10,0.2666666666666667,0.43862660945300525,0.012783050537109375,0.0,SVR_ML,True,
SVR,ml,11,0.2666666666666667,0.3394758646708942,0.01282501220703125,0.0,SVR_ML,True,
SVR,ml,12,0.2666666666666667,0.44047114095987716,0.012902259826660156,0.0,SVR_ML,True,
SVR,ml,13,0.2666666666666667,0.34600952023381837,0.012972593307495117,0.0,SVR_ML,True,
SVR,ml,14,0.2666666666666667,0.3305523476752802,0.012606382369995117,0.0,SVR_ML,True,
SVR,ml,15,0.2666666666666667,0.36645523638117183,0.01234126091003418,0.0,SVR_ML,True,
SVR,ml,16,0.2666666666666667,0.2694424912285298,0.012456417083740234,0.0,SVR_ML,True,
SVR,ml,17,0.2666666666666667,0.27589063842840855,0.012448549270629883,0.0,SVR_ML,True,
SVR,ml,18,0.2666666666666667,0.2765303931872258,0.012651681900024414,0.0,SVR_ML,True,
SVR,ml,19,0.2666666666666667,0.3667848757280543,0.012624979019165039,0.0,SVR_ML,True,
SVR,ml,20,0.33333333333333337,0.23336150306025322,0.012430429458618164,0.0,SVR_ML,True,
SVR,ml,21,0.33333333333333337,0.3363929396350274,0.013087749481201172,0.0,SVR_ML,True,
SVR,ml,22,0.33333333333333337,0.3868361751559265,0.013492822647094727,0.0,SVR_ML,True,
SVR,ml,23,0.33333333333333337,0.4332620501578731,0.01323699951171875,0.0,SVR_ML,True,
SVR,ml,24,0.33333333333333337,0.43310241666702765,0.013129711151123047,0.0,SVR_ML,True,
SVR,ml,25,0.33333333333333337,0.4332821274651363,0.013409614562988281,0.0,SVR_ML,True,
SVR,ml,26,0.33333333333333337,0.3035618622306972,0.014602422714233398,0.0,SVR_ML,True,
SVR,ml,27,0.33333333333333337,0.4332377454274484,0.016082048416137695,0.0,SVR_ML,True,
SVR,ml,28,0.33333333333333337,0.2505237135866504,0.016887903213500977,0.0,SVR_ML,True,
SVR,ml,29,0.33333333333333337,0.309151243167823,0.017008543014526367,0.0,SVR_ML,True,
SVR,ml,30,0.4,0.43384801383880833,0.014554738998413086,0.0,SVR_ML,True,
SVR,ml,31,0.4,0.4464691295850172,0.012553215026855469,0.0,SVR_ML,True,
SVR,ml,32,0.4,0.44346776159704643,0.013719320297241211,0.0,SVR_ML,True,
SVR,ml,33,0.4,0.3837062233737108,0.012718915939331055,0.0,SVR_ML,True,
SVR,ml,34,0.4,0.3383866753731125,0.013055562973022461,0.0,SVR_ML,True,
SVR,ml,35,0.4,0.4758748942796188,0.013335704803466797,0.0,SVR_ML,True,
SVR,ml,36,0.4,0.49994376655139106,0.01276540756225586,0.0,SVR_ML,True,
SVR,ml,37,0.4,0.4204696757903945,0.012509822845458984,0.0,SVR_ML,True,
SVR,ml,38,0.4,0.49989982574779457,0.013646125793457031,0.0,SVR_ML,True,
SVR,ml,39,0.4,0.4647893452098484,0.016051530838012695,0.0,SVR_ML,True,
SVR,ml,40,0.46666666666666673,0.4004857428851799,0.014157772064208984,0.0,SVR_ML,True,
SVR,ml,41,0.46666666666666673,0.5668331155893889,0.014767885208129883,0.0,SVR_ML,True,
SVR,ml,42,0.46666666666666673,0.559969340760712,0.014175653457641602,0.0,SVR_ML,True,
SVR,ml,43,0.46666666666666673,0.47864672853301293,0.014514923095703125,0.0,SVR_ML,True,
SVR,ml,44,0.46666666666666673,0.374371926445196,0.014235973358154297,0.0,SVR_ML,True,
SVR,ml,45,0.46666666666666673,0.2610341691893565,0.014020442962646484,0.0,SVR_ML,True,
SVR,ml,46,0.46666666666666673,0.5917431600362295,0.01401829719543457,0.0,SVR_ML,True,
SVR,ml,47,0.46666666666666673,0.567112740137776,0.01443624496459961,0.0,SVR_ML,True,
SVR,ml,48,0.46666666666666673,0.5670792429962792,0.013781070709228516,0.0,SVR_ML,True,
SVR,ml,49,0.46666666666666673,0.5664808147129935,0.019118070602416992,0.0,SVR_ML,True,
SVR,ml,50,0.5333333333333334,0.5956973512719215,0.016458749771118164,0.0,SVR_ML,True,
SVR,ml,51,0.5333333333333334,0.577012646170073,0.015471696853637695,0.0,SVR_ML,True,
SVR,ml,52,0.5333333333333334,0.6206145479192784,0.01568126678466797,0.0,SVR_ML,True,
SVR,ml,53,0.5333333333333334,0.6912766203441808,0.016025543212890625,0.0,SVR_ML,True,
SVR,ml,54,0.5333333333333334,0.6336056885675696,0.016226530075073242,0.0,SVR_ML,True,
SVR,ml,55,0.5333333333333334,0.5811539047661574,0.01618027687072754,0.0,SVR_ML,True,
SVR,ml,56,0.5333333333333334,0.6329556718969847,0.015337228775024414,0.0,SVR_ML,True,
SVR,ml,57,0.5333333333333334,0.6335793823344726,0.01621842384338379,0.0,SVR_ML,True,
SVR,ml,58,0.5333333333333334,0.4811075483591295,0.01618790626525879,0.0,SVR_ML,True,
SVR,ml,59,0.5333333333333334,0.6330091737288925,0.016347169876098633,0.0,SVR_ML,True,
SVR,ml,60,0.6000000000000001,0.5647270442908908,0.016041040420532227,0.0,SVR_ML,True,
SVR,ml,61,0.6000000000000001,0.6811824102430314,0.01587843894958496,0.0,SVR_ML,True,
SVR,ml,62,0.6000000000000001,0.5000055670332219,0.016187191009521484,0.0,SVR_ML,True,
SVR,ml,63,0.6000000000000001,0.5793406707472966,0.015469074249267578,0.0,SVR_ML,True,
SVR,ml,64,0.6000000000000001,0.6274017464012721,0.01347494125366211,0.0,SVR_ML,True,
SVR,ml,65,0.6000000000000001,0.7002103040464387,0.01344442367553711,0.0,SVR_ML,True,
SVR,ml,66,0.6000000000000001,0.6481162570938213,0.013598918914794922,0.0,SVR_ML,True,
SVR,ml,67,0.6000000000000001,0.5586139473301656,0.014748573303222656,0.0,SVR_ML,True,
SVR,ml,68,0.6000000000000001,0.5718550211137975,0.014394760131835938,0.0,SVR_ML,True,
SVR,ml,69,0.6000000000000001,0.6214546161820496,0.013772249221801758,0.0,SVR_ML,True,
SVR,ml,70,0.6666666666666667,0.6963157710248861,0.013762712478637695,0.0,SVR_ML,True,
SVR,ml,71,0.6666666666666667,0.6842168632729315,0.01467132568359375,0.0,SVR_ML,True,
SVR,ml,72,0.6666666666666667,0.594207049996207,0.014417171478271484,0.0,SVR_ML,True,
SVR,ml,73,0.6666666666666667,0.6401388612911716,0.013077020645141602,0.0,SVR_ML,True,
SVR,ml,74,0.6666666666666667,0.6476634476531978,0.014559745788574219,0.0,SVR_ML,True,
SVR,ml,75,0.6666666666666667,0.6456924840689013,0.015904903411865234,0.0,SVR_ML,True,
SVR,ml,76,0.6666666666666667,0.5849045963741056,0.01587963104248047,0.0,SVR_ML,True,
SVR,ml,77,0.6666666666666667,0.5628853840641731,0.016189098358154297,0.0,SVR_ML,True,
SVR,ml,78,0.6666666666666667,0.6848768966358867,0.01663041114807129,0.0,SVR_ML,True,
SVR,ml,79,0.6666666666666667,0.628214186283863,0.016583681106567383,0.0,SVR_ML,True,
SVR,ml,80,0.7333333333333334,0.5220271296403256,0.015805959701538086,0.0,SVR_ML,True,
SVR,ml,81,0.7333333333333334,0.7284808848653213,0.013576507568359375,0.0,SVR_ML,True,
SVR,ml,82,0.7333333333333334,0.7034558561064754,0.012969970703125,0.0,SVR_ML,True,
SVR,ml,83,0.7333333333333334,0.5453529008991518,0.013938426971435547,0.0,SVR_ML,True,
SVR,ml,84,0.7333333333333334,0.6910516845630787,0.015950679779052734,0.0,SVR_ML,True,
SVR,ml,85,0.7333333333333334,0.6398428950524376,0.013132572174072266,0.0,SVR_ML,True,
SVR,ml,86,0.7333333333333334,0.6423095657454676,0.014419078826904297,0.0,SVR_ML,True,
SVR,ml,87,0.7333333333333334,0.6881373362068223,0.015571117401123047,0.0,SVR_ML,True,
SVR,ml,88,0.7333333333333334,0.6331064352274006,0.015279769897460938,0.0,SVR_ML,True,
SVR,ml,89,0.7333333333333334,0.6333800115826608,0.016258955001831055,0.0,SVR_ML,True,
SVR,ml,90,0.8,0.6526531370756418,0.015668392181396484,0.0,SVR_ML,True,
SVR,ml,91,0.8,0.700283833871698,0.016091585159301758,0.0,SVR_ML,True,
SVR,ml,92,0.8,0.6132384146324217,0.015672922134399414,0.0,SVR_ML,True,
SVR,ml,93,0.8,0.6995846650172995,0.015352487564086914,0.0,SVR_ML,True,
SVR,ml,94,0.8,0.6994677297790723,0.015994787216186523,0.0,SVR_ML,True,
SVR,ml,95,0.8,0.6996301908421092,0.015761375427246094,0.0,SVR_ML,True,
SVR,ml,96,0.8,0.7000954144196423,0.01645064353942871,0.0,SVR_ML,True,
SVR,ml,97,0.8,0.700153719864735,0.01611924171447754,0.0,SVR_ML,True,
SVR,ml,98,0.8,0.7002835699110574,0.013823986053466797,0.0,SVR_ML,True,
SVR,ml,99,0.8,0.699575300757432,0.014277458190917969,0.0,SVR_ML,True,
GradientBoosting,ml,0,0.2,0.26813899448750345,0.01765155792236328,0.0,GradientBoosting_ML,True,
GradientBoosting,ml,1,0.2,0.2037032928577482,0.0180056095123291,0.0,GradientBoosting_ML,True,
GradientBoosting,ml,2,0.2,0.20735525601715155,0.018296480178833008,0.0,GradientBoosting_ML,True,
GradientBoosting,ml,3,0.2,0.20805298246308096,0.0167996883392334,0.0,GradientBoosting_ML,True,
GradientBoosting,ml,4,0.2,0.21646080939256657,0.016353845596313477,0.0,GradientBoosting_ML,True,
GradientBoosting,ml,5,0.2,0.21896376329989575,0.016837120056152344,0.0,GradientBoosting_ML,True,
GradientBoosting,ml,6,0.2,0.21819457171503462,0.017920494079589844,0.0,GradientBoosting_ML,True,
GradientBoosting,ml,7,0.2,0.22230117374635536,0.01674056053161621,0.0,GradientBoosting_ML,True,
GradientBoosting,ml,8,0.2,0.2116882627160895,0.01814889907836914,0.0,GradientBoosting_ML,True,
GradientBoosting,ml,9,0.2,0.2006934473147078,0.0167543888092041,0.0,GradientBoosting_ML,True,
GradientBoosting,ml,10,0.2666666666666667,0.3459769638250079,0.015395641326904297,0.0,GradientBoosting_ML,True,
GradientBoosting,ml,11,0.2666666666666667,0.2663984987282125,0.016913890838623047,0.0,GradientBoosting_ML,True,
GradientBoosting,ml,12,0.2666666666666667,0.3260646760868,0.01685476303100586,0.0,GradientBoosting_ML,True,
GradientBoosting,ml,13,0.2666666666666667,0.2642866427835436,0.016951322555541992,0.0,GradientBoosting_ML,True,
GradientBoosting,ml,14,0.2666666666666667,0.2710591622885306,0.016918420791625977,0.0,GradientBoosting_ML,True,
GradientBoosting,ml,15,0.2666666666666667,0.27820865792861077,0.016805171966552734,0.0,GradientBoosting_ML,True,
GradientBoosting,ml,16,0.2666666666666667,0.278340285954531,0.016810894012451172,0.0,GradientBoosting_ML,True,
GradientBoosting,ml,17,0.2666666666666667,0.2561008442178023,0.01647353172302246,0.0,GradientBoosting_ML,True,
GradientBoosting,ml,18,0.2666666666666667,0.22473897554160063,0.015662193298339844,0.0,GradientBoosting_ML,True,
GradientBoosting,ml,19,0.2666666666666667,0.26444647547906136,0.0167999267578125,0.0,GradientBoosting_ML,True,
GradientBoosting,ml,20,0.33333333333333337,0.3234512417488611,0.015550613403320312,0.0,GradientBoosting_ML,True,
GradientBoosting,ml,21,0.33333333333333337,0.3318052161721528,0.01837015151977539,0.0,GradientBoosting_ML,True,
GradientBoosting,ml,22,0.33333333333333337,0.23725239266694617,0.01690673828125,0.0,GradientBoosting_ML,True,
GradientBoosting,ml,23,0.33333333333333337,0.3447421153405159,0.01735711097717285,0.0,GradientBoosting_ML,True,
GradientBoosting,ml,24,0.33333333333333337,0.3367784782923388,0.017475366592407227,0.0,GradientBoosting_ML,True,
GradientBoosting,ml,25,0.33333333333333337,0.3372259316263922,0.015430927276611328,0.0,GradientBoosting_ML,True,
GradientBoosting,ml,26,0.33333333333333337,0.3207038991934514,0.015786409378051758,0.0,GradientBoosting_ML,True,
GradientBoosting,ml,27,0.33333333333333337,0.332824404808869,0.017956256866455078,0.0,GradientBoosting_ML,True,
GradientBoosting,ml,28,0.33333333333333337,0.3347862193344947,0.019953250885009766,0.0,GradientBoosting_ML,True,
GradientBoosting,ml,29,0.33333333333333337,0.3230352370739735,0.02068352699279785,0.0,GradientBoosting_ML,True,
GradientBoosting,ml,30,0.4,0.4888440003073674,0.02003931999206543,0.0,GradientBoosting_ML,True,
GradientBoosting,ml,31,0.4,0.4498419004946002,0.01949310302734375,0.0,GradientBoosting_ML,True,
GradientBoosting,ml,32,0.4,0.3974958325999543,0.019572973251342773,0.0,GradientBoosting_ML,True,
GradientBoosting,ml,33,0.4,0.42232694546603244,0.017182111740112305,0.0,GradientBoosting_ML,True,
GradientBoosting,ml,34,0.4,0.3942274608505386,0.016455888748168945,0.0,GradientBoosting_ML,True,
GradientBoosting,ml,35,0.4,0.41232575420004475,0.017748117446899414,0.0,GradientBoosting_ML,True,
GradientBoosting,ml,36,0.4,0.4026684147875419,0.01784229278564453,0.0,GradientBoosting_ML,True,
GradientBoosting,ml,37,0.4,0.4044893584534312,0.016728639602661133,0.0,GradientBoosting_ML,True,
GradientBoosting,ml,38,0.4,0.41954134904478224,0.01571035385131836,0.0,GradientBoosting_ML,True,
GradientBoosting,ml,39,0.4,0.2868316224102074,0.014696836471557617,0.0,GradientBoosting_ML,True,
GradientBoosting,ml,40,0.46666666666666673,0.4635983911140665,0.015094518661499023,0.0,GradientBoosting_ML,True,
GradientBoosting,ml,41,0.46666666666666673,0.45934371484222175,0.01682567596435547,0.0,GradientBoosting_ML,True,
GradientBoosting,ml,42,0.46666666666666673,0.4712560133046057,0.01557469367980957,0.0,GradientBoosting_ML,True,
GradientBoosting,ml,43,0.46666666666666673,0.4573965140827698,0.015642642974853516,0.0,GradientBoosting_ML,True,
GradientBoosting,ml,44,0.46666666666666673,0.4690445672923901,0.015970230102539062,0.0,GradientBoosting_ML,True,
GradientBoosting,ml,45,0.46666666666666673,0.4439395359381704,0.015085458755493164,0.0,GradientBoosting_ML,True,
GradientBoosting,ml,46,0.46666666666666673,0.48309758483999776,0.015266895294189453,0.0,GradientBoosting_ML,True,
GradientBoosting,ml,47,0.46666666666666673,0.4869155504269469,0.015232086181640625,0.0,GradientBoosting_ML,True,
GradientBoosting,ml,48,0.46666666666666673,0.46092161476718047,0.01623702049255371,0.0,GradientBoosting_ML,True,
GradientBoosting,ml,49,0.46666666666666673,0.48062522694830373,0.015786170959472656,0.0,GradientBoosting_ML,True,
GradientBoosting,ml,50,0.5333333333333334,0.5308495089098499,0.014798641204833984,0.0,GradientBoosting_ML,True,
GradientBoosting,ml,51,0.5333333333333334,0.5167259706369132,0.015974760055541992,0.0,GradientBoosting_ML,True,
GradientBoosting,ml,52,0.5333333333333334,0.5387168330539287,0.019013404846191406,0.0,GradientBoosting_ML,True,
GradientBoosting,ml,53,0.5333333333333334,0.542003147090804,0.019568204879760742,0.0,GradientBoosting_ML,True,
GradientBoosting,ml,54,0.5333333333333334,0.535629576010736,0.018720626831054688,0.0,GradientBoosting_ML,True,
GradientBoosting,ml,55,0.5333333333333334,0.5305363774331053,0.018140554428100586,0.0,GradientBoosting_ML,True,
GradientBoosting,ml,56,0.5333333333333334,0.5423709822454531,0.018514394760131836,0.0,GradientBoosting_ML,True,
GradientBoosting,ml,57,0.5333333333333334,0.5505998101097556,0.0183563232421875,0.0,GradientBoosting_ML,True,
GradientBoosting,ml,58,0.5333333333333334,0.5296008017273972,0.01790595054626465,0.0,GradientBoosting_ML,True,
GradientBoosting,ml,59,0.5333333333333334,0.5413977803635298,0.01815652847290039,0.0,GradientBoosting_ML,True,
GradientBoosting,ml,60,0.6000000000000001,0.6062504995111153,0.01683521270751953,0.0,GradientBoosting_ML,True,
GradientBoosting,ml,61,0.6000000000000001,0.6130748935001953,0.018141508102416992,0.0,GradientBoosting_ML,True,
GradientBoosting,ml,62,0.6000000000000001,0.57783309518481,0.016937732696533203,0.0,GradientBoosting_ML,True,
GradientBoosting,ml,63,0.6000000000000001,0.6001974557376407,0.017435550689697266,0.0,GradientBoosting_ML,True,
GradientBoosting,ml,64,0.6000000000000001,0.6132123568405801,0.01581096649169922,0.0,GradientBoosting_ML,True,
GradientBoosting,ml,65,0.6000000000000001,0.6199333148063133,0.015117406845092773,0.0,GradientBoosting_ML,True,
GradientBoosting,ml,66,0.6000000000000001,0.6007109841381786,0.016056060791015625,0.0,GradientBoosting_ML,True,
GradientBoosting,ml,67,0.6000000000000001,0.6005189270246141,0.017221450805664062,0.0,GradientBoosting_ML,True,
GradientBoosting,ml,68,0.6000000000000001,0.6115842928031351,0.016202211380004883,0.0,GradientBoosting_ML,True,
GradientBoosting,ml,69,0.6000000000000001,0.6123086944293362,0.015985727310180664,0.0,GradientBoosting_ML,True,
GradientBoosting,ml,70,0.6666666666666667,0.7006512692600431,0.01621532440185547,0.0,GradientBoosting_ML,True,
GradientBoosting,ml,71,0.6666666666666667,0.6628896593043412,0.017572879791259766,0.0,GradientBoosting_ML,True,
GradientBoosting,ml,72,0.6666666666666667,0.6412549296929291,0.018666982650756836,0.0,GradientBoosting_ML,True,
GradientBoosting,ml,73,0.6666666666666667,0.7171274085891007,0.016995906829833984,0.0,GradientBoosting_ML,True,
GradientBoosting,ml,74,0.6666666666666667,0.6728151329487925,0.017019033432006836,0.0,GradientBoosting_ML,True,
GradientBoosting,ml,75,0.6666666666666667,0.6796220273693548,0.01761007308959961,0.0,GradientBoosting_ML,True,
GradientBoosting,ml,76,0.6666666666666667,0.4973052520923441,0.01989436149597168,0.0,GradientBoosting_ML,True,
GradientBoosting,ml,77,0.6666666666666667,0.48743298551964764,0.019973278045654297,0.0,GradientBoosting_ML,True,
GradientBoosting,ml,78,0.6666666666666667,0.6680033584202383,0.017650842666625977,0.0,GradientBoosting_ML,True,
GradientBoosting,ml,79,0.6666666666666667,0.6708676158418502,0.016811609268188477,0.0,GradientBoosting_ML,True,
GradientBoosting,ml,80,0.7333333333333334,0.6499326129591346,0.016465425491333008,0.0,GradientBoosting_ML,True,
GradientBoosting,ml,81,0.7333333333333334,0.736636403873528,0.017034530639648438,0.0,GradientBoosting_ML,True,
GradientBoosting,ml,82,0.7333333333333334,0.7284465529205486,0.016326189041137695,0.0,GradientBoosting_ML,True,
GradientBoosting,ml,83,0.7333333333333334,0.4970513999240415,0.016394853591918945,0.0,GradientBoosting_ML,True,
GradientBoosting,ml,84,0.7333333333333334,0.7267789240978214,0.016994237899780273,0.0,GradientBoosting_ML,True,
GradientBoosting,ml,85,0.7333333333333334,0.7281591093320829,0.016726016998291016,0.0,GradientBoosting_ML,True,
GradientBoosting,ml,86,0.7333333333333334,0.7290782414535169,0.017696142196655273,0.0,GradientBoosting_ML,True,
GradientBoosting,ml,87,0.7333333333333334,0.718652637607989,0.016408443450927734,0.0,GradientBoosting_ML,True,
GradientBoosting,ml,88,0.7333333333333334,0.7241987301947798,0.01628279685974121,0.0,GradientBoosting_ML,True,
GradientBoosting,ml,89,0.7333333333333334,0.7138529874645537,0.01672959327697754,0.0,GradientBoosting_ML,True,
GradientBoosting,ml,90,0.8,0.7131821741591936,0.01629805564880371,0.0,GradientBoosting_ML,True,
GradientBoosting,ml,91,0.8,0.7878290732642874,0.01609349250793457,0.0,GradientBoosting_ML,True,
GradientBoosting,ml,92,0.8,0.7792947326460158,0.016098499298095703,0.0,GradientBoosting_ML,True,
GradientBoosting,ml,93,0.8,0.7771021907595216,0.017083406448364258,0.0,GradientBoosting_ML,True,
GradientBoosting,ml,94,0.8,0.7855384206472126,0.01687026023864746,0.0,GradientBoosting_ML,True,
GradientBoosting,ml,95,0.8,0.7817959854199549,0.018282175064086914,0.0,GradientBoosting_ML,True,
GradientBoosting,ml,96,0.8,0.7845447055590624,0.018499374389648438,0.0,GradientBoosting_ML,True,
GradientBoosting,ml,97,0.8,0.7845212543121566,0.01788330078125,0.0,GradientBoosting_ML,True,
GradientBoosting,ml,98,0.8,0.7743430061222474,0.01902174949645996,0.0,GradientBoosting_ML,True,
GradientBoosting,ml,99,0.8,0.7893399915835074,0.020775556564331055,0.0,GradientBoosting_ML,True,
RandomForest,ml,0,0.2,0.28957167277167295,0.8778791427612305,0.0,RandomForest_ML,True,
RandomForest,ml,1,0.2,0.2124358974358973,0.8800389766693115,0.0,RandomForest_ML,True,
RandomForest,ml,2,0.2,0.21425600325600325,0.9135863780975342,0.0,RandomForest_ML,True,
RandomForest,ml,3,0.2,0.2207893365893365,0.8735644817352295,0.0,RandomForest_ML,True,
RandomForest,ml,4,0.2,0.2377124135124135,0.9234344959259033,0.0,RandomForest_ML,True,
RandomForest,ml,5,0.2,0.24669674399674396,0.832256555557251,0.0,RandomForest_ML,True,
RandomForest,ml,6,0.2,0.22225600325600317,0.9097268581390381,0.0,RandomForest_ML,True,
RandomForest,ml,7,0.2,0.2386245014245013,0.9135534763336182,0.0,RandomForest_ML,True,
RandomForest,ml,8,0.2,0.22437566137566137,0.8864188194274902,0.0,RandomForest_ML,True,
RandomForest,ml,9,0.2,0.21415343915343907,0.8092725276947021,0.0,RandomForest_ML,True,
RandomForest,ml,10,0.2666666666666667,0.4507157185894027,0.998213529586792,0.0,RandomForest_ML,True,
RandomForest,ml,11,0.2666666666666667,0.29590626780626805,0.84185791015625,0.0,RandomForest_ML,True,
RandomForest,ml,12,0.2666666666666667,0.36478571428571427,0.8481147289276123,0.0,RandomForest_ML,True,
RandomForest,ml,13,0.2666666666666667,0.2705164021164023,0.896996021270752,0.0,RandomForest_ML,True,
RandomForest,ml,14,0.2666666666666667,0.2681478632478634,0.9264781475067139,0.0,RandomForest_ML,True,
RandomForest,ml,15,0.2666666666666667,0.2895507122507125,0.8123157024383545,0.0,RandomForest_ML,True,
RandomForest,ml,16,0.2666666666666667,0.28481982091982117,0.970179557800293,0.0,RandomForest_ML,True,
RandomForest,ml,17,0.2666666666666667,0.2685631257631259,0.9730961322784424,0.0,RandomForest_ML,True,
RandomForest,ml,18,0.2666666666666667,0.2657719576719577,0.870537519454956,0.0,RandomForest_ML,True,
RandomForest,ml,19,0.2666666666666667,0.2743729344729347,0.9377143383026123,0.0,RandomForest_ML,True,
RandomForest,ml,20,0.33333333333333337,0.3047282051282052,0.8712730407714844,0.0,RandomForest_ML,True,
RandomForest,ml,21,0.33333333333333337,0.3098071225071227,0.8845553398132324,0.0,RandomForest_ML,True,
RandomForest,ml,22,0.33333333333333337,0.3075386243386245,0.8164570331573486,0.0,RandomForest_ML,True,
RandomForest,ml,23,0.33333333333333337,0.3642034188034188,0.8373606204986572,0.0,RandomForest_ML,True,
RandomForest,ml,24,0.33333333333333337,0.40396835016835014,0.852858304977417,0.0,RandomForest_ML,True,
RandomForest,ml,25,0.33333333333333337,0.34533333333333344,0.8653621673583984,0.0,RandomForest_ML,True,
RandomForest,ml,26,0.33333333333333337,0.3026700854700855,0.9152050018310547,0.0,RandomForest_ML,True,
RandomForest,ml,27,0.33333333333333337,0.35524415954415955,0.8230180740356445,0.0,RandomForest_ML,True,
RandomForest,ml,28,0.33333333333333337,0.3291444444444447,0.9031476974487305,0.0,RandomForest_ML,True,
RandomForest,ml,29,0.33333333333333337,0.2942297924297926,0.8771333694458008,0.0,RandomForest_ML,True,
RandomForest,ml,30,0.4,0.49966594886594884,0.8396177291870117,0.0,RandomForest_ML,True,
RandomForest,ml,31,0.4,0.4596932178932178,0.8091776371002197,0.0,RandomForest_ML,True,
RandomForest,ml,32,0.4,0.3820259259259259,0.8375215530395508,0.0,RandomForest_ML,True,
RandomForest,ml,33,0.4,0.36781111111111114,0.7989318370819092,0.0,RandomForest_ML,True,
RandomForest,ml,34,0.4,0.369894708994709,0.8554239273071289,0.0,RandomForest_ML,True,
RandomForest,ml,35,0.4,0.42939451659451644,0.8557910919189453,0.0,RandomForest_ML,True,
RandomForest,ml,36,0.4,0.4350647907647906,0.8378582000732422,0.0,RandomForest_ML,True,
RandomForest,ml,37,0.4,0.4175612794612793,0.9462342262268066,0.0,RandomForest_ML,True,
RandomForest,ml,38,0.4,0.4863217791954634,0.8388407230377197,0.0,RandomForest_ML,True,
RandomForest,ml,39,0.4,0.3624283827283827,0.8058693408966064,0.0,RandomForest_ML,True,
RandomForest,ml,40,0.46666666666666673,0.4492090909090907,0.8932900428771973,0.0,RandomForest_ML,True,
RandomForest,ml,41,0.46666666666666673,0.47180360750360734,0.9660003185272217,0.0,RandomForest_ML,True,
RandomForest,ml,42,0.46666666666666673,0.47467758537758514,0.8836703300476074,0.0,RandomForest_ML,True,
RandomForest,ml,43,0.46666666666666673,0.4259738816738814,0.9555587768554688,0.0,RandomForest_ML,True,
RandomForest,ml,44,0.46666666666666673,0.36736507936507934,0.8780372142791748,0.0,RandomForest_ML,True,
RandomForest,ml,45,0.46666666666666673,0.42404786324786314,0.8822214603424072,0.0,RandomForest_ML,True,
RandomForest,ml,46,0.46666666666666673,0.5251976456292244,0.8311488628387451,0.0,RandomForest_ML,True,
RandomForest,ml,47,0.46666666666666673,0.5661816257816256,0.9206061363220215,0.0,RandomForest_ML,True,
RandomForest,ml,48,0.46666666666666673,0.4703945165945163,0.8403987884521484,0.0,RandomForest_ML,True,
RandomForest,ml,49,0.46666666666666673,0.5049951125287965,0.9112563133239746,0.0,RandomForest_ML,True,
RandomForest,ml,50,0.5333333333333334,0.5395391433128279,0.8864517211914062,0.0,RandomForest_ML,True,
RandomForest,ml,51,0.5333333333333334,0.5195185185185187,0.7944164276123047,0.0,RandomForest_ML,True,
RandomForest,ml,52,0.5333333333333334,0.5939217985717992,0.7849886417388916,0.0,RandomForest_ML,True,
RandomForest,ml,53,0.5333333333333334,0.598994302675882,0.8234095573425293,0.0,RandomForest_ML,True,
RandomForest,ml,54,0.5333333333333334,0.5603773300773305,0.8953647613525391,0.0,RandomForest_ML,True,
RandomForest,ml,55,0.5333333333333334,0.5585183742183746,0.89154052734375,0.0,RandomForest_ML,True,
RandomForest,ml,56,0.5333333333333334,0.5563445646945652,0.9039382934570312,0.0,RandomForest_ML,True,
RandomForest,ml,57,0.5333333333333334,0.6250165278019771,0.9068691730499268,0.0,RandomForest_ML,True,
RandomForest,ml,58,0.5333333333333334,0.5202582010582014,0.9128909111022949,0.0,RandomForest_ML,True,
RandomForest,ml,59,0.5333333333333334,0.5820808220045065,0.8912348747253418,0.0,RandomForest_ML,True,
RandomForest,ml,60,0.6000000000000001,0.6305648020824492,0.8333752155303955,0.0,RandomForest_ML,True,
RandomForest,ml,61,0.6000000000000001,0.6391424815924819,0.8020329475402832,0.0,RandomForest_ML,True,
RandomForest,ml,62,0.6000000000000001,0.5708623376623381,0.8300554752349854,0.0,RandomForest_ML,True,
RandomForest,ml,63,0.6000000000000001,0.5975721905774539,0.8897738456726074,0.0,RandomForest_ML,True,
RandomForest,ml,64,0.6000000000000001,0.6282790081882345,0.9104313850402832,0.0,RandomForest_ML,True,
RandomForest,ml,65,0.6000000000000001,0.6607185835079956,0.9011452198028564,0.0,RandomForest_ML,True,
RandomForest,ml,66,0.6000000000000001,0.6284079871395664,0.8421761989593506,0.0,RandomForest_ML,True,
RandomForest,ml,67,0.6000000000000001,0.588174009557694,0.8461713790893555,0.0,RandomForest_ML,True,
RandomForest,ml,68,0.6000000000000001,0.6322619253295727,0.918874979019165,0.0,RandomForest_ML,True,
RandomForest,ml,69,0.6000000000000001,0.6584689777703092,0.9344921112060547,0.0,RandomForest_ML,True,
RandomForest,ml,70,0.6666666666666667,0.6849709265840227,0.8680257797241211,0.0,RandomForest_ML,True,
RandomForest,ml,71,0.6666666666666667,0.6473354041669833,0.9548089504241943,0.0,RandomForest_ML,True,
RandomForest,ml,72,0.6666666666666667,0.6528385533798846,0.8905415534973145,0.0,RandomForest_ML,True,
RandomForest,ml,73,0.6666666666666667,0.6948250258960167,0.9216310977935791,0.0,RandomForest_ML,True,
RandomForest,ml,74,0.6666666666666667,0.6721730036263475,0.8113586902618408,0.0,RandomForest_ML,True,
RandomForest,ml,75,0.6666666666666667,0.6796109465056215,0.8204946517944336,0.0,RandomForest_ML,True,
RandomForest,ml,76,0.6666666666666667,0.6591822991822994,0.7938570976257324,0.0,RandomForest_ML,True,
RandomForest,ml,77,0.6666666666666667,0.6047180299232932,0.8674700260162354,0.0,RandomForest_ML,True,
RandomForest,ml,78,0.6666666666666667,0.6770163771373681,0.8023097515106201,0.0,RandomForest_ML,True,
RandomForest,ml,79,0.6666666666666667,0.6569399850854342,0.8351860046386719,0.0,RandomForest_ML,True,
RandomForest,ml,80,0.7333333333333334,0.49288826358826354,0.8507847785949707,0.0,RandomForest_ML,True,
RandomForest,ml,81,0.7333333333333334,0.7220405788615696,0.8606760501861572,0.0,RandomForest_ML,True,
RandomForest,ml,82,0.7333333333333334,0.71398657389967,0.8780205249786377,0.0,RandomForest_ML,True,
RandomForest,ml,83,0.7333333333333334,0.5245666426166428,0.8083178997039795,0.0,RandomForest_ML,True,
RandomForest,ml,84,0.7333333333333334,0.7103064058164061,0.888847827911377,0.0,RandomForest_ML,True,
RandomForest,ml,85,0.7333333333333334,0.6693822169276659,0.9058969020843506,0.0,RandomForest_ML,True,
RandomForest,ml,86,0.7333333333333334,0.6970357168390605,0.8800435066223145,0.0,RandomForest_ML,True,
RandomForest,ml,87,0.7333333333333334,0.6930531735378485,0.942366361618042,0.0,RandomForest_ML,True,
RandomForest,ml,88,0.7333333333333334,0.647041712036387,0.994276762008667,0.0,RandomForest_ML,True,
RandomForest,ml,89,0.7333333333333334,0.6832179045355516,0.9120171070098877,0.0,RandomForest_ML,True,
RandomForest,ml,90,0.8,0.699720710133806,0.8518948554992676,0.0,RandomForest_ML,True,
RandomForest,ml,91,0.8,0.7375814684169173,0.9373559951782227,0.0,RandomForest_ML,True,
RandomForest,ml,92,0.8,0.6945928453257557,0.9749248027801514,0.0,RandomForest_ML,True,
RandomForest,ml,93,0.8,0.7268440459540462,0.9014232158660889,0.0,RandomForest_ML,True,
RandomForest,ml,94,0.8,0.6933999694652324,0.9354214668273926,0.0,RandomForest_ML,True,
RandomForest,ml,95,0.8,0.7180942937179781,0.882033109664917,0.0,RandomForest_ML,True,
RandomForest,ml,96,0.8,0.7108697083091201,0.911064624786377,0.0,RandomForest_ML,True,
RandomForest,ml,97,0.8,0.7309444849715129,0.8648293018341064,0.0,RandomForest_ML,True,
RandomForest,ml,98,0.8,0.7059611294381573,0.9271225929260254,0.0,RandomForest_ML,True,
RandomForest,ml,99,0.8,0.7320917398448359,0.9034085273742676,0.0,RandomForest_ML,True,
CNN,ml,0,0.2,0.36740779876708984,0.014043569564819336,0.0,CNN_ML,True,
CNN,ml,1,0.2,0.3222867250442505,0.0021038055419921875,0.0,CNN_ML,True,
CNN,ml,2,0.2,0.3176913261413574,0.002045869827270508,0.0,CNN_ML,True,
CNN,ml,3,0.2,0.32638388872146606,0.0018842220306396484,0.0,CNN_ML,True,
CNN,ml,4,0.2,0.30892282724380493,0.0018732547760009766,0.0,CNN_ML,True,
CNN,ml,5,0.2,0.3833313286304474,0.003817319869995117,0.0,CNN_ML,True,
CNN,ml,6,0.2,0.32142820954322815,0.0019474029541015625,0.0,CNN_ML,True,
CNN,ml,7,0.2,0.3400517702102661,0.0021741390228271484,0.0,CNN_ML,True,
CNN,ml,8,0.2,0.36119306087493896,0.0040094852447509766,0.0,CNN_ML,True,
CNN,ml,9,0.2,0.3352988660335541,0.001664876937866211,0.0,CNN_ML,True,
CNN,ml,10,0.2666666666666667,0.3919273614883423,0.0018246173858642578,0.0,CNN_ML,True,
CNN,ml,11,0.2666666666666667,0.37193188071250916,0.002096414566040039,0.0,CNN_ML,True,
CNN,ml,12,0.2666666666666667,0.385707825422287,0.0024106502532958984,0.0,CNN_ML,True,
CNN,ml,13,0.2666666666666667,0.3659452497959137,0.0018343925476074219,0.0,CNN_ML,True,
CNN,ml,14,0.2666666666666667,0.3502199351787567,0.003488779067993164,0.0,CNN_ML,True,
CNN,ml,15,0.2666666666666667,0.36814531683921814,0.0023326873779296875,0.0,CNN_ML,True,
CNN,ml,16,0.2666666666666667,0.37765979766845703,0.002290964126586914,0.0,CNN_ML,True,
CNN,ml,17,0.2666666666666667,0.36583560705184937,0.003117799758911133,0.0,CNN_ML,True,
CNN,ml,18,0.2666666666666667,0.3464283347129822,0.0018439292907714844,0.0,CNN_ML,True,
CNN,ml,19,0.2666666666666667,0.3531496822834015,0.0019621849060058594,0.0,CNN_ML,True,
CNN,ml,20,0.33333333333333337,0.38340532779693604,0.0029582977294921875,0.0,CNN_ML,True,
CNN,ml,21,0.33333333333333337,0.35657888650894165,0.003972291946411133,0.0,CNN_ML,True,
CNN,ml,22,0.33333333333333337,0.37463268637657166,0.0014302730560302734,0.0,CNN_ML,True,
CNN,ml,23,0.33333333333333337,0.38645538687705994,0.0018851757049560547,0.0,CNN_ML,True,
CNN,ml,24,0.33333333333333337,0.3961472809314728,0.0022389888763427734,0.0,CNN_ML,True,
CNN,ml,25,0.33333333333333337,0.37848085165023804,0.002758026123046875,0.0,CNN_ML,True,
CNN,ml,26,0.33333333333333337,0.31834250688552856,0.0017426013946533203,0.0,CNN_ML,True,
CNN,ml,27,0.33333333333333337,0.38606688380241394,0.0025606155395507812,0.0,CNN_ML,True,
CNN,ml,28,0.33333333333333337,0.359186053276062,0.0019800662994384766,0.0,CNN_ML,True,
CNN,ml,29,0.33333333333333337,0.35055282711982727,0.0032732486724853516,0.0,CNN_ML,True,
CNN,ml,30,0.4,0.3914584219455719,0.0018050670623779297,0.0,CNN_ML,True,
CNN,ml,31,0.4,0.38476303219795227,0.0021550655364990234,0.0,CNN_ML,True,
CNN,ml,32,0.4,0.3846519887447357,0.0027375221252441406,0.0,CNN_ML,True,
CNN,ml,33,0.4,0.36151307821273804,0.001374959945678711,0.0,CNN_ML,True,
CNN,ml,34,0.4,0.3814404010772705,0.002439737319946289,0.0,CNN_ML,True,
CNN,ml,35,0.4,0.37547698616981506,0.0019969940185546875,0.0,CNN_ML,True,
CNN,ml,36,0.4,0.3954550325870514,0.0029144287109375,0.0,CNN_ML,True,
CNN,ml,37,0.4,0.3919345438480377,0.0012538433074951172,0.0,CNN_ML,True,
CNN,ml,38,0.4,0.39587628841400146,0.0017817020416259766,0.0,CNN_ML,True,
CNN,ml,39,0.4,0.38576266169548035,0.0022253990173339844,0.0,CNN_ML,True,
CNN,ml,40,0.46666666666666673,0.39931294322013855,0.0034127235412597656,0.0,CNN_ML,True,
CNN,ml,41,0.46666666666666673,0.3886133134365082,0.001422882080078125,0.0,CNN_ML,True,
CNN,ml,42,0.46666666666666673,0.388554185628891,0.0024442672729492188,0.0,CNN_ML,True,
CNN,ml,43,0.46666666666666673,0.3787238597869873,0.0024352073669433594,0.0,CNN_ML,True,
CNN,ml,44,0.46666666666666673,0.3786691725254059,0.003203153610229492,0.0,CNN_ML,True,
CNN,ml,45,0.46666666666666673,0.3944535255432129,0.0017747879028320312,0.0,CNN_ML,True,
CNN,ml,46,0.46666666666666673,0.40001580119132996,0.0018947124481201172,0.0,CNN_ML,True,
CNN,ml,47,0.46666666666666673,0.39853978157043457,0.0027854442596435547,0.0,CNN_ML,True,
CNN,ml,48,0.46666666666666673,0.3876635730266571,0.0020532608032226562,0.0,CNN_ML,True,
CNN,ml,49,0.46666666666666673,0.39622294902801514,0.0017116069793701172,0.0,CNN_ML,True,
CNN,ml,50,0.5333333333333334,0.3994865119457245,0.00344085693359375,0.0,CNN_ML,True,
CNN,ml,51,0.5333333333333334,0.3972714841365814,0.0016944408416748047,0.0,CNN_ML,True,
CNN,ml,52,0.5333333333333334,0.4038800597190857,0.0023827552795410156,0.0,CNN_ML,True,
CNN,ml,53,0.5333333333333334,0.3981492817401886,0.0018885135650634766,0.0,CNN_ML,True,
CNN,ml,54,0.5333333333333334,0.3976646363735199,0.0018820762634277344,0.0,CNN_ML,True,
CNN,ml,55,0.5333333333333334,0.39861860871315,0.0026056766510009766,0.0,CNN_ML,True,
CNN,ml,56,0.5333333333333334,0.3987804353237152,0.002686023712158203,0.0,CNN_ML,True,
CNN,ml,57,0.5333333333333334,0.4013119339942932,0.002542734146118164,0.0,CNN_ML,True,
CNN,ml,58,0.5333333333333334,0.39948728680610657,0.003146648406982422,0.0,CNN_ML,True,
CNN,ml,59,0.5333333333333334,0.4057193696498871,0.0020341873168945312,0.0,CNN_ML,True,
CNN,ml,60,0.6000000000000001,0.3992820680141449,0.0018677711486816406,0.0,CNN_ML,True,
CNN,ml,61,0.6000000000000001,0.40209951996803284,0.002210855484008789,0.0,CNN_ML,True,
CNN,ml,62,0.6000000000000001,0.40364208817481995,0.0033605098724365234,0.0,CNN_ML,True,
CNN,ml,63,0.6000000000000001,0.40166863799095154,0.001867532730102539,0.0,CNN_ML,True,
CNN,ml,64,0.6000000000000001,0.4007349908351898,0.0019123554229736328,0.0,CNN_ML,True,
CNN,ml,65,0.6000000000000001,0.40598392486572266,0.0021028518676757812,0.0,CNN_ML,True,
CNN,ml,66,0.6000000000000001,0.40042009949684143,0.002433300018310547,0.0,CNN_ML,True,
CNN,ml,67,0.6000000000000001,0.40379467606544495,0.0028693675994873047,0.0,CNN_ML,True,
CNN,ml,68,0.6000000000000001,0.3976476192474365,0.001729726791381836,0.0,CNN_ML,True,
CNN,ml,69,0.6000000000000001,0.3998175263404846,0.002017498016357422,0.0,CNN_ML,True,
CNN,ml,70,0.6666666666666667,0.4029214084148407,0.002559185028076172,0.0,CNN_ML,True,
CNN,ml,71,0.6666666666666667,0.4025903642177582,0.001901388168334961,0.0,CNN_ML,True,
CNN,ml,72,0.6666666666666667,0.3992632031440735,0.0026798248291015625,0.0,CNN_ML,True,
CNN,ml,73,0.6666666666666667,0.40703675150871277,0.002203702926635742,0.0,CNN_ML,True,
CNN,ml,74,0.6666666666666667,0.40384435653686523,0.0018601417541503906,0.0,CNN_ML,True,
CNN,ml,75,0.6666666666666667,0.40310463309288025,0.0029408931732177734,0.0,CNN_ML,True,
CNN,ml,76,0.6666666666666667,0.40140870213508606,0.001543283462524414,0.0,CNN_ML,True,
CNN,ml,77,0.6666666666666667,0.39904889464378357,0.0023627281188964844,0.0,CNN_ML,True,
CNN,ml,78,0.6666666666666667,0.40178078413009644,0.0022296905517578125,0.0,CNN_ML,True,
CNN,ml,79,0.6666666666666667,0.39948347210884094,0.0015981197357177734,0.0,CNN_ML,True,
CNN,ml,80,0.7333333333333334,0.40007105469703674,0.003097057342529297,0.0,CNN_ML,True,
CNN,ml,81,0.7333333333333334,0.40445610880851746,0.0015439987182617188,0.0,CNN_ML,True,
CNN,ml,82,0.7333333333333334,0.40486809611320496,0.0019712448120117188,0.0,CNN_ML,True,
CNN,ml,83,0.7333333333333334,0.4006876051425934,0.0023212432861328125,0.0,CNN_ML,True,
CNN,ml,84,0.7333333333333334,0.400225967168808,0.0019915103912353516,0.0,CNN_ML,True,
CNN,ml,85,0.7333333333333334,0.4037226140499115,0.002987384796142578,0.0,CNN_ML,True,
CNN,ml,86,0.7333333333333334,0.40457865595817566,0.002625703811645508,0.0,CNN_ML,True,
CNN,ml,87,0.7333333333333334,0.40345022082328796,0.002241373062133789,0.0,CNN_ML,True,
CNN,ml,88,0.7333333333333334,0.3983040452003479,0.0036466121673583984,0.0,CNN_ML,True,
CNN,ml,89,0.7333333333333334,0.400881290435791,0.0025696754455566406,0.0,CNN_ML,True,
CNN,ml,90,0.8,0.3982846438884735,0.0025665760040283203,0.0,CNN_ML,True,
CNN,ml,91,0.8,0.4022531509399414,0.0023651123046875,0.0,CNN_ML,True,
CNN,ml,92,0.8,0.4000074863433838,0.0021979808807373047,0.0,CNN_ML,True,
CNN,ml,93,0.8,0.4002053439617157,0.004175662994384766,0.0,CNN_ML,True,
CNN,ml,94,0.8,0.39056625962257385,0.0021979808807373047,0.0,CNN_ML,True,
CNN,ml,95,0.8,0.4039171636104584,0.003830432891845703,0.0,CNN_ML,True,
CNN,ml,96,0.8,0.40730181336402893,0.001976490020751953,0.0,CNN_ML,True,
CNN,ml,97,0.8,0.3968748450279236,0.0018382072448730469,0.0,CNN_ML,True,
CNN,ml,98,0.8,0.3932841718196869,0.002276182174682617,0.0,CNN_ML,True,
CNN,ml,99,0.8,0.40241917967796326,0.002975940704345703,0.0,CNN_ML,True,
