Contamination,Level,Realization,Estimator,Estimate,Error,AbsError
additive_gaussian,0.0,0,R/S,0.7338582510133509,0.03385825101335094,0.03385825101335094
additive_gaussian,0.0,0,DFA,0.690935139717018,-0.009064860282981924,0.009064860282981924
additive_gaussian,0.0,0,DMA,0.6390347372526418,-0.06096526274735814,0.06096526274735814
additive_gaussian,0.0,0,Higuchi,0.6873831611596157,-0.012616838840384226,0.012616838840384226
additive_gaussian,0.0,0,GPH,0.7055849121841353,0.005584912184135371,0.005584912184135371
additive_gaussian,0.0,0,Whittle,0.7013736500271163,0.0013736500271163132,0.0013736500271163132
additive_gaussian,0.0,0,Periodogram,0.7030631416234279,0.003063141623427912,0.003063141623427912
additive_gaussian,0.0,0,CWT,0.769069446614652,0.06906944661465209,0.06906944661465209
additive_gaussian,0.0,0,WaveletVar,0.7593040795276892,0.059304079527689235,0.059304079527689235
additive_gaussian,0.0,0,WaveletLogVar,0.6797358916323099,-0.020264108367690103,0.020264108367690103
additive_gaussian,0.0,0,WaveletWhittle,0.5777870053737176,-0.12221299462628232,0.12221299462628232
additive_gaussian,0.0,0,MFDFA,0.11768758361363539,-0.5823124163863646,0.5823124163863646
additive_gaussian,0.0,0,WaveletLeaders,0.024199128328320857,-0.6758008716716791,0.6758008716716791
additive_gaussian,0.0,1,R/S,0.7338582510133509,0.03385825101335094,0.03385825101335094
additive_gaussian,0.0,1,DFA,0.690935139717018,-0.009064860282981924,0.009064860282981924
additive_gaussian,0.0,1,DMA,0.6390347372526418,-0.06096526274735814,0.06096526274735814
additive_gaussian,0.0,1,Higuchi,0.6873831611596157,-0.012616838840384226,0.012616838840384226
additive_gaussian,0.0,1,GPH,0.7055849121841353,0.005584912184135371,0.005584912184135371
additive_gaussian,0.0,1,Whittle,0.7013736500271163,0.0013736500271163132,0.0013736500271163132
additive_gaussian,0.0,1,Periodogram,0.7030631416234279,0.003063141623427912,0.003063141623427912
additive_gaussian,0.0,1,CWT,0.769069446614652,0.06906944661465209,0.06906944661465209
additive_gaussian,0.0,1,WaveletVar,0.7593040795276892,0.059304079527689235,0.059304079527689235
additive_gaussian,0.0,1,WaveletLogVar,0.6797358916323099,-0.020264108367690103,0.020264108367690103
additive_gaussian,0.0,1,WaveletWhittle,0.5777870053737176,-0.12221299462628232,0.12221299462628232
additive_gaussian,0.0,1,MFDFA,0.11768758361363539,-0.5823124163863646,0.5823124163863646
additive_gaussian,0.0,1,WaveletLeaders,0.024199128328320857,-0.6758008716716791,0.6758008716716791
additive_gaussian,0.1,0,R/S,0.734088029788658,0.03408802978865799,0.03408802978865799
additive_gaussian,0.1,0,DFA,0.6906405768734403,-0.009359423126559685,0.009359423126559685
additive_gaussian,0.1,0,DMA,0.6388640123094061,-0.06113598769059381,0.06113598769059381
additive_gaussian,0.1,0,Higuchi,0.6868253166466687,-0.013174683353331273,0.013174683353331273
additive_gaussian,0.1,0,GPH,0.703953392885301,0.003953392885301055,0.003953392885301055
additive_gaussian,0.1,0,Whittle,0.701426709811936,0.0014267098119360444,0.0014267098119360444
additive_gaussian,0.1,0,Periodogram,0.7009702517667206,0.000970251766720609,0.000970251766720609
additive_gaussian,0.1,0,CWT,0.7687848014438805,0.06878480144388055,0.06878480144388055
additive_gaussian,0.1,0,WaveletVar,0.7592946383362922,0.05929463833629223,0.05929463833629223
additive_gaussian,0.1,0,WaveletLogVar,0.679729347497112,-0.020270652502887954,0.020270652502887954
additive_gaussian,0.1,0,WaveletWhittle,0.5777870053737176,-0.12221299462628232,0.12221299462628232
additive_gaussian,0.1,0,MFDFA,0.11770436169315601,-0.5822956383068439,0.5822956383068439
additive_gaussian,0.1,0,WaveletLeaders,0.02422354323910606,-0.6757764567608939,0.6757764567608939
additive_gaussian,0.1,1,R/S,0.734088029788658,0.03408802978865799,0.03408802978865799
additive_gaussian,0.1,1,DFA,0.6906405768734403,-0.009359423126559685,0.009359423126559685
additive_gaussian,0.1,1,DMA,0.6388640123094061,-0.06113598769059381,0.06113598769059381
additive_gaussian,0.1,1,Higuchi,0.6868253166466687,-0.013174683353331273,0.013174683353331273
additive_gaussian,0.1,1,GPH,0.703953392885301,0.003953392885301055,0.003953392885301055
additive_gaussian,0.1,1,Whittle,0.701426709811936,0.0014267098119360444,0.0014267098119360444
additive_gaussian,0.1,1,Periodogram,0.7009702517667206,0.000970251766720609,0.000970251766720609
additive_gaussian,0.1,1,CWT,0.7687848014438805,0.06878480144388055,0.06878480144388055
additive_gaussian,0.1,1,WaveletVar,0.7592946383362922,0.05929463833629223,0.05929463833629223
additive_gaussian,0.1,1,WaveletLogVar,0.679729347497112,-0.020270652502887954,0.020270652502887954
additive_gaussian,0.1,1,WaveletWhittle,0.5777870053737176,-0.12221299462628232,0.12221299462628232
additive_gaussian,0.1,1,MFDFA,0.11770436169315601,-0.5822956383068439,0.5822956383068439
additive_gaussian,0.1,1,WaveletLeaders,0.02422354323910606,-0.6757764567608939,0.6757764567608939
additive_gaussian,0.3,0,R/S,0.7344793300529147,0.0344793300529147,0.0344793300529147
additive_gaussian,0.3,0,DFA,0.6899945409678446,-0.010005459032155328,0.010005459032155328
additive_gaussian,0.3,0,DMA,0.6384834120411033,-0.061516587958896696,0.061516587958896696
additive_gaussian,0.3,0,Higuchi,0.6856315808704363,-0.014368419129563659,0.014368419129563659
additive_gaussian,0.3,0,GPH,0.7005459584291344,0.0005459584291344077,0.0005459584291344077
additive_gaussian,0.3,0,Whittle,0.7013987432166547,0.0013987432166547853,0.0013987432166547853
additive_gaussian,0.3,0,Periodogram,0.6967024681584582,-0.003297531841541801,0.003297531841541801
additive_gaussian,0.3,0,CWT,0.768138036022208,0.06813803602220803,0.06813803602220803
additive_gaussian,0.3,0,WaveletVar,0.7592271163215514,0.05922711632155142,0.05922711632155142
additive_gaussian,0.3,0,WaveletLogVar,0.6796825448029685,-0.02031745519703143,0.02031745519703143
additive_gaussian,0.3,0,WaveletWhittle,0.5777870053737176,-0.12221299462628232,0.12221299462628232
additive_gaussian,0.3,0,MFDFA,0.11770668751233458,-0.5822933124876654,0.5822933124876654
additive_gaussian,0.3,0,WaveletLeaders,0.02426815989214557,-0.6757318401078544,0.6757318401078544
additive_gaussian,0.3,1,R/S,0.7344793300529147,0.0344793300529147,0.0344793300529147
additive_gaussian,0.3,1,DFA,0.6899945409678446,-0.010005459032155328,0.010005459032155328
additive_gaussian,0.3,1,DMA,0.6384834120411033,-0.061516587958896696,0.061516587958896696
additive_gaussian,0.3,1,Higuchi,0.6856315808704363,-0.014368419129563659,0.014368419129563659
additive_gaussian,0.3,1,GPH,0.7005459584291344,0.0005459584291344077,0.0005459584291344077
additive_gaussian,0.3,1,Whittle,0.7013987432166547,0.0013987432166547853,0.0013987432166547853
additive_gaussian,0.3,1,Periodogram,0.6967024681584582,-0.003297531841541801,0.003297531841541801
additive_gaussian,0.3,1,CWT,0.768138036022208,0.06813803602220803,0.06813803602220803
additive_gaussian,0.3,1,WaveletVar,0.7592271163215514,0.05922711632155142,0.05922711632155142
additive_gaussian,0.3,1,WaveletLogVar,0.6796825448029685,-0.02031745519703143,0.02031745519703143
additive_gaussian,0.3,1,WaveletWhittle,0.5777870053737176,-0.12221299462628232,0.12221299462628232
additive_gaussian,0.3,1,MFDFA,0.11770668751233458,-0.5822933124876654,0.5822933124876654
additive_gaussian,0.3,1,WaveletLeaders,0.02426815989214557,-0.6757318401078544,0.6757318401078544
additive_gaussian,0.5,0,R/S,0.7347300704672541,0.03473007046725418,0.03473007046725418
additive_gaussian,0.5,0,DFA,0.6892736788376831,-0.010726321162316865,0.010726321162316865
additive_gaussian,0.5,0,DMA,0.6380507724424582,-0.06194922755754173,0.06194922755754173
additive_gaussian,0.5,0,Higuchi,0.684451340979535,-0.015548659020464983,0.015548659020464983
additive_gaussian,0.5,0,GPH,0.6969729609902342,-0.003027039009765753,0.003027039009765753
additive_gaussian,0.5,0,Whittle,0.7011922299031964,0.0011922299031964512,0.0011922299031964512
additive_gaussian,0.5,0,Periodogram,0.6923304616686423,-0.007669538331357639,0.007669538331357639
additive_gaussian,0.5,0,CWT,0.7673890708523143,0.06738907085231438,0.06738907085231438
additive_gaussian,0.5,0,WaveletVar,0.7590946373263108,0.05909463732631082,0.05909463732631082
additive_gaussian,0.5,0,WaveletLogVar,0.6795907173609341,-0.02040928263906583,0.02040928263906583
additive_gaussian,0.5,0,WaveletWhittle,0.5777870053737176,-0.12221299462628232,0.12221299462628232
additive_gaussian,0.5,0,MFDFA,0.1176672389748504,-0.5823327610251495,0.5823327610251495
additive_gaussian,0.5,0,WaveletLeaders,0.024306355077012384,-0.6756936449229876,0.6756936449229876
additive_gaussian,0.5,1,R/S,0.7347300704672541,0.03473007046725418,0.03473007046725418
additive_gaussian,0.5,1,DFA,0.6892736788376831,-0.010726321162316865,0.010726321162316865
additive_gaussian,0.5,1,DMA,0.6380507724424582,-0.06194922755754173,0.06194922755754173
additive_gaussian,0.5,1,Higuchi,0.684451340979535,-0.015548659020464983,0.015548659020464983
additive_gaussian,0.5,1,GPH,0.6969729609902342,-0.003027039009765753,0.003027039009765753
additive_gaussian,0.5,1,Whittle,0.7011922299031964,0.0011922299031964512,0.0011922299031964512
additive_gaussian,0.5,1,Periodogram,0.6923304616686423,-0.007669538331357639,0.007669538331357639
additive_gaussian,0.5,1,CWT,0.7673890708523143,0.06738907085231438,0.06738907085231438
additive_gaussian,0.5,1,WaveletVar,0.7590946373263108,0.05909463732631082,0.05909463732631082
additive_gaussian,0.5,1,WaveletLogVar,0.6795907173609341,-0.02040928263906583,0.02040928263906583
additive_gaussian,0.5,1,WaveletWhittle,0.5777870053737176,-0.12221299462628232,0.12221299462628232
additive_gaussian,0.5,1,MFDFA,0.1176672389748504,-0.5823327610251495,0.5823327610251495
additive_gaussian,0.5,1,WaveletLeaders,0.024306355077012384,-0.6756936449229876,0.6756936449229876
multiplicative_noise,0.0,0,R/S,0.7338582510133509,0.03385825101335094,0.03385825101335094
multiplicative_noise,0.0,0,DFA,0.690935139717018,-0.009064860282981924,0.009064860282981924
multiplicative_noise,0.0,0,DMA,0.6390347372526418,-0.06096526274735814,0.06096526274735814
multiplicative_noise,0.0,0,Higuchi,0.6873831611596157,-0.012616838840384226,0.012616838840384226
multiplicative_noise,0.0,0,GPH,0.7055849121841353,0.005584912184135371,0.005584912184135371
multiplicative_noise,0.0,0,Whittle,0.7013736500271163,0.0013736500271163132,0.0013736500271163132
multiplicative_noise,0.0,0,Periodogram,0.7030631416234279,0.003063141623427912,0.003063141623427912
multiplicative_noise,0.0,0,CWT,0.769069446614652,0.06906944661465209,0.06906944661465209
multiplicative_noise,0.0,0,WaveletVar,0.7593040795276892,0.059304079527689235,0.059304079527689235
multiplicative_noise,0.0,0,WaveletLogVar,0.6797358916323099,-0.020264108367690103,0.020264108367690103
multiplicative_noise,0.0,0,WaveletWhittle,0.5777870053737176,-0.12221299462628232,0.12221299462628232
multiplicative_noise,0.0,0,MFDFA,0.11768758361363539,-0.5823124163863646,0.5823124163863646
multiplicative_noise,0.0,0,WaveletLeaders,0.024199128328320857,-0.6758008716716791,0.6758008716716791
multiplicative_noise,0.0,1,R/S,0.7338582510133509,0.03385825101335094,0.03385825101335094
multiplicative_noise,0.0,1,DFA,0.690935139717018,-0.009064860282981924,0.009064860282981924
multiplicative_noise,0.0,1,DMA,0.6390347372526418,-0.06096526274735814,0.06096526274735814
multiplicative_noise,0.0,1,Higuchi,0.6873831611596157,-0.012616838840384226,0.012616838840384226
multiplicative_noise,0.0,1,GPH,0.7055849121841353,0.005584912184135371,0.005584912184135371
multiplicative_noise,0.0,1,Whittle,0.7013736500271163,0.0013736500271163132,0.0013736500271163132
multiplicative_noise,0.0,1,Periodogram,0.7030631416234279,0.003063141623427912,0.003063141623427912
multiplicative_noise,0.0,1,CWT,0.769069446614652,0.06906944661465209,0.06906944661465209
multiplicative_noise,0.0,1,WaveletVar,0.7593040795276892,0.059304079527689235,0.059304079527689235
multiplicative_noise,0.0,1,WaveletLogVar,0.6797358916323099,-0.020264108367690103,0.020264108367690103
multiplicative_noise,0.0,1,WaveletWhittle,0.5777870053737176,-0.12221299462628232,0.12221299462628232
multiplicative_noise,0.0,1,MFDFA,0.11768758361363539,-0.5823124163863646,0.5823124163863646
multiplicative_noise,0.0,1,WaveletLeaders,0.024199128328320857,-0.6758008716716791,0.6758008716716791
multiplicative_noise,0.1,0,R/S,0.7337814404331673,0.03378144043316733,0.03378144043316733
multiplicative_noise,0.1,0,DFA,0.6908597549784499,-0.009140245021550086,0.009140245021550086
multiplicative_noise,0.1,0,DMA,0.6391970922530464,-0.060802907746953516,0.060802907746953516
multiplicative_noise,0.1,0,Higuchi,0.6872315290467348,-0.012768470953265165,0.012768470953265165
multiplicative_noise,0.1,0,GPH,0.7058337714815253,0.005833771481525307,0.005833771481525307
multiplicative_noise,0.1,0,Whittle,0.7013567910130751,0.001356791013075176,0.001356791013075176
multiplicative_noise,0.1,0,Periodogram,0.7026497415881164,0.002649741588116483,0.002649741588116483
multiplicative_noise,0.1,0,CWT,0.7689923726769673,0.06899237267696734,0.06899237267696734
multiplicative_noise,0.1,0,WaveletVar,0.7594916417671388,0.059491641767138836,0.059491641767138836
multiplicative_noise,0.1,0,WaveletLogVar,0.6798658998697639,-0.020134100130236088,0.020134100130236088
multiplicative_noise,0.1,0,WaveletWhittle,0.5777870053737176,-0.12221299462628232,0.12221299462628232
multiplicative_noise,0.1,0,MFDFA,0.11774298094056128,-0.5822570190594387,0.5822570190594387
multiplicative_noise,0.1,0,WaveletLeaders,0.024157435025802757,-0.6758425649741971,0.6758425649741971
multiplicative_noise,0.1,1,R/S,0.7337814404331673,0.03378144043316733,0.03378144043316733
multiplicative_noise,0.1,1,DFA,0.6908597549784499,-0.009140245021550086,0.009140245021550086
multiplicative_noise,0.1,1,DMA,0.6391970922530464,-0.060802907746953516,0.060802907746953516
multiplicative_noise,0.1,1,Higuchi,0.6872315290467348,-0.012768470953265165,0.012768470953265165
multiplicative_noise,0.1,1,GPH,0.7058337714815253,0.005833771481525307,0.005833771481525307
multiplicative_noise,0.1,1,Whittle,0.7013567910130751,0.001356791013075176,0.001356791013075176
multiplicative_noise,0.1,1,Periodogram,0.7026497415881164,0.002649741588116483,0.002649741588116483
multiplicative_noise,0.1,1,CWT,0.7689923726769673,0.06899237267696734,0.06899237267696734
multiplicative_noise,0.1,1,WaveletVar,0.7594916417671388,0.059491641767138836,0.059491641767138836
multiplicative_noise,0.1,1,WaveletLogVar,0.6798658998697639,-0.020134100130236088,0.020134100130236088
multiplicative_noise,0.1,1,WaveletWhittle,0.5777870053737176,-0.12221299462628232,0.12221299462628232
multiplicative_noise,0.1,1,MFDFA,0.11774298094056128,-0.5822570190594387,0.5822570190594387
multiplicative_noise,0.1,1,WaveletLeaders,0.024157435025802757,-0.6758425649741971,0.6758425649741971
multiplicative_noise,0.3,0,R/S,0.7336197242792745,0.03361972427927451,0.03361972427927451
multiplicative_noise,0.3,0,DFA,0.6906877380486651,-0.009312261951334833,0.009312261951334833
multiplicative_noise,0.3,0,DMA,0.6395133570772287,-0.06048664292277128,0.06048664292277128
multiplicative_noise,0.3,0,Higuchi,0.6869431875938021,-0.013056812406197826,0.013056812406197826
multiplicative_noise,0.3,0,GPH,0.7063280245537351,0.0063280245537351565,0.0063280245537351565
multiplicative_noise,0.3,0,Whittle,0.7012789771155392,0.0012789771155392593,0.0012789771155392593
multiplicative_noise,0.3,0,Periodogram,0.7017964406036097,0.001796440603609728,0.001796440603609728
multiplicative_noise,0.3,0,CWT,0.7688075402023926,0.06880754020239266,0.06880754020239266
multiplicative_noise,0.3,0,WaveletVar,0.759831411337761,0.05983141133776104,0.05983141133776104
multiplicative_noise,0.3,0,WaveletLogVar,0.6801014101896807,-0.019898589810319223,0.019898589810319223
multiplicative_noise,0.3,0,WaveletWhittle,0.576819736199316,-0.12318026380068392,0.12318026380068392
multiplicative_noise,0.3,0,MFDFA,0.11784070226580308,-0.5821592977341968,0.5821592977341968
multiplicative_noise,0.3,0,WaveletLeaders,0.024073536921294564,-0.6759264630787054,0.6759264630787054
multiplicative_noise,0.3,1,R/S,0.7336197242792745,0.03361972427927451,0.03361972427927451
multiplicative_noise,0.3,1,DFA,0.6906877380486651,-0.009312261951334833,0.009312261951334833
multiplicative_noise,0.3,1,DMA,0.6395133570772287,-0.06048664292277128,0.06048664292277128
multiplicative_noise,0.3,1,Higuchi,0.6869431875938021,-0.013056812406197826,0.013056812406197826
multiplicative_noise,0.3,1,GPH,0.7063280245537351,0.0063280245537351565,0.0063280245537351565
multiplicative_noise,0.3,1,Whittle,0.7012789771155392,0.0012789771155392593,0.0012789771155392593
multiplicative_noise,0.3,1,Periodogram,0.7017964406036097,0.001796440603609728,0.001796440603609728
multiplicative_noise,0.3,1,CWT,0.7688075402023926,0.06880754020239266,0.06880754020239266
multiplicative_noise,0.3,1,WaveletVar,0.759831411337761,0.05983141133776104,0.05983141133776104
multiplicative_noise,0.3,1,WaveletLogVar,0.6801014101896807,-0.019898589810319223,0.019898589810319223
multiplicative_noise,0.3,1,WaveletWhittle,0.576819736199316,-0.12318026380068392,0.12318026380068392
multiplicative_noise,0.3,1,MFDFA,0.11784070226580308,-0.5821592977341968,0.5821592977341968
multiplicative_noise,0.3,1,WaveletLeaders,0.024073536921294564,-0.6759264630787054,0.6759264630787054
multiplicative_noise,0.5,0,R/S,0.7334409551090297,0.03344095510902978,0.03344095510902978
multiplicative_noise,0.5,0,DFA,0.6904874038678197,-0.009512596132180251,0.009512596132180251
multiplicative_noise,0.5,0,DMA,0.6398183155481346,-0.060181684451865336,0.060181684451865336
multiplicative_noise,0.5,0,Higuchi,0.6866394000687832,-0.013360599931216743,0.013360599931216743
multiplicative_noise,0.5,0,GPH,0.7068173205554884,0.006817320555488449,0.006817320555488449
multiplicative_noise,0.5,0,Whittle,0.7011424151272877,0.0011424151272877436,0.0011424151272877436
multiplicative_noise,0.5,0,Periodogram,0.7009079374133462,0.0009079374133462714,0.0009079374133462714
multiplicative_noise,0.5,0,CWT,0.7685818757287255,0.06858187572872554,0.06858187572872554
multiplicative_noise,0.5,0,WaveletVar,0.7601237564803546,0.06012375648035462,0.06012375648035462
multiplicative_noise,0.5,0,WaveletLogVar,0.6803040484010199,-0.019695951598980077,0.019695951598980077
multiplicative_noise,0.5,0,WaveletWhittle,0.576819736199316,-0.12318026380068392,0.12318026380068392
multiplicative_noise,0.5,0,MFDFA,0.11792090609596903,-0.5820790939040309,0.5820790939040309
multiplicative_noise,0.5,0,WaveletLeaders,0.023990072283970185,-0.6760099277160297,0.6760099277160297
multiplicative_noise,0.5,1,R/S,0.7334409551090297,0.03344095510902978,0.03344095510902978
multiplicative_noise,0.5,1,DFA,0.6904874038678197,-0.009512596132180251,0.009512596132180251
multiplicative_noise,0.5,1,DMA,0.6398183155481346,-0.060181684451865336,0.060181684451865336
multiplicative_noise,0.5,1,Higuchi,0.6866394000687832,-0.013360599931216743,0.013360599931216743
multiplicative_noise,0.5,1,GPH,0.7068173205554884,0.006817320555488449,0.006817320555488449
multiplicative_noise,0.5,1,Whittle,0.7011424151272877,0.0011424151272877436,0.0011424151272877436
multiplicative_noise,0.5,1,Periodogram,0.7009079374133462,0.0009079374133462714,0.0009079374133462714
multiplicative_noise,0.5,1,CWT,0.7685818757287255,0.06858187572872554,0.06858187572872554
multiplicative_noise,0.5,1,WaveletVar,0.7601237564803546,0.06012375648035462,0.06012375648035462
multiplicative_noise,0.5,1,WaveletLogVar,0.6803040484010199,-0.019695951598980077,0.019695951598980077
multiplicative_noise,0.5,1,WaveletWhittle,0.576819736199316,-0.12318026380068392,0.12318026380068392
multiplicative_noise,0.5,1,MFDFA,0.11792090609596903,-0.5820790939040309,0.5820790939040309
multiplicative_noise,0.5,1,WaveletLeaders,0.023990072283970185,-0.6760099277160297,0.6760099277160297
outliers,0.0,0,R/S,0.7338582510133509,0.03385825101335094,0.03385825101335094
outliers,0.0,0,DFA,0.690935139717018,-0.009064860282981924,0.009064860282981924
outliers,0.0,0,DMA,0.6390347372526418,-0.06096526274735814,0.06096526274735814
outliers,0.0,0,Higuchi,0.6873831611596157,-0.012616838840384226,0.012616838840384226
outliers,0.0,0,GPH,0.7055849121841353,0.005584912184135371,0.005584912184135371
outliers,0.0,0,Whittle,0.7013736500271163,0.0013736500271163132,0.0013736500271163132
outliers,0.0,0,Periodogram,0.7030631416234279,0.003063141623427912,0.003063141623427912
outliers,0.0,0,CWT,0.769069446614652,0.06906944661465209,0.06906944661465209
outliers,0.0,0,WaveletVar,0.7593040795276892,0.059304079527689235,0.059304079527689235
outliers,0.0,0,WaveletLogVar,0.6797358916323099,-0.020264108367690103,0.020264108367690103
outliers,0.0,0,WaveletWhittle,0.5777870053737176,-0.12221299462628232,0.12221299462628232
outliers,0.0,0,MFDFA,0.11768758361363539,-0.5823124163863646,0.5823124163863646
outliers,0.0,0,WaveletLeaders,0.024199128328320857,-0.6758008716716791,0.6758008716716791
outliers,0.0,1,R/S,0.7338582510133509,0.03385825101335094,0.03385825101335094
outliers,0.0,1,DFA,0.690935139717018,-0.009064860282981924,0.009064860282981924
outliers,0.0,1,DMA,0.6390347372526418,-0.06096526274735814,0.06096526274735814
outliers,0.0,1,Higuchi,0.6873831611596157,-0.012616838840384226,0.012616838840384226
outliers,0.0,1,GPH,0.7055849121841353,0.005584912184135371,0.005584912184135371
outliers,0.0,1,Whittle,0.7013736500271163,0.0013736500271163132,0.0013736500271163132
outliers,0.0,1,Periodogram,0.7030631416234279,0.003063141623427912,0.003063141623427912
outliers,0.0,1,CWT,0.769069446614652,0.06906944661465209,0.06906944661465209
outliers,0.0,1,WaveletVar,0.7593040795276892,0.059304079527689235,0.059304079527689235
outliers,0.0,1,WaveletLogVar,0.6797358916323099,-0.020264108367690103,0.020264108367690103
outliers,0.0,1,WaveletWhittle,0.5777870053737176,-0.12221299462628232,0.12221299462628232
outliers,0.0,1,MFDFA,0.11768758361363539,-0.5823124163863646,0.5823124163863646
outliers,0.0,1,WaveletLeaders,0.024199128328320857,-0.6758008716716791,0.6758008716716791
outliers,0.1,0,R/S,0.6570297651130765,-0.04297023488692342,0.04297023488692342
outliers,0.1,0,DFA,0.5671290607191289,-0.13287093928087101,0.13287093928087101
outliers,0.1,0,DMA,0.5893488971018208,-0.11065110289817914,0.11065110289817914
outliers,0.1,0,Higuchi,0.6044190583128546,-0.09558094168714537,0.09558094168714537
outliers,0.1,0,GPH,0.7255879275345323,0.025587927534532318,0.025587927534532318
outliers,0.1,0,Whittle,0.6030168921426712,-0.09698310785732878,0.09698310785732878
outliers,0.1,0,Periodogram,0.5350356939578435,-0.1649643060421565,0.1649643060421565
outliers,0.1,0,CWT,0.6279522349423783,-0.07204776505762167,0.07204776505762167
outliers,0.1,0,WaveletVar,0.636607128860567,-0.06339287113943293,0.06339287113943293
outliers,0.1,0,WaveletLogVar,0.5946888462140916,-0.10531115378590838,0.10531115378590838
outliers,0.1,0,WaveletWhittle,0.714171958964338,0.014171958964338094,0.014171958964338094
outliers,0.1,0,MFDFA,0.08128711597101256,-0.6187128840289874,0.6187128840289874
outliers,0.1,0,WaveletLeaders,0.010146083660096263,-0.6898539163399037,0.6898539163399037
outliers,0.1,1,R/S,0.6570297651130765,-0.04297023488692342,0.04297023488692342
outliers,0.1,1,DFA,0.5671290607191289,-0.13287093928087101,0.13287093928087101
outliers,0.1,1,DMA,0.5893488971018208,-0.11065110289817914,0.11065110289817914
outliers,0.1,1,Higuchi,0.6044190583128546,-0.09558094168714537,0.09558094168714537
outliers,0.1,1,GPH,0.7255879275345323,0.025587927534532318,0.025587927534532318
outliers,0.1,1,Whittle,0.6030168921426712,-0.09698310785732878,0.09698310785732878
outliers,0.1,1,Periodogram,0.5350356939578435,-0.1649643060421565,0.1649643060421565
outliers,0.1,1,CWT,0.6279522349423783,-0.07204776505762167,0.07204776505762167
outliers,0.1,1,WaveletVar,0.636607128860567,-0.06339287113943293,0.06339287113943293
outliers,0.1,1,WaveletLogVar,0.5946888462140916,-0.10531115378590838,0.10531115378590838
outliers,0.1,1,WaveletWhittle,0.714171958964338,0.014171958964338094,0.014171958964338094
outliers,0.1,1,MFDFA,0.08128711597101256,-0.6187128840289874,0.6187128840289874
outliers,0.1,1,WaveletLeaders,0.010146083660096263,-0.6898539163399037,0.6898539163399037
outliers,0.3,0,R/S,0.6593122031811525,-0.04068779681884749,0.04068779681884749
outliers,0.3,0,DFA,0.5711960091368999,-0.12880399086310002,0.12880399086310002
outliers,0.3,0,DMA,0.5558863535762111,-0.14411364642378888,0.14411364642378888
outliers,0.3,0,Higuchi,0.6105753355396335,-0.08942466446036645,0.08942466446036645
outliers,0.3,0,GPH,0.7063362820732682,0.006336282073268196,0.006336282073268196
outliers,0.3,0,Whittle,0.558067191435815,-0.141932808564185,0.141932808564185
outliers,0.3,0,Periodogram,0.5806138456373159,-0.11938615436268407,0.11938615436268407
outliers,0.3,0,CWT,0.6113113018118729,-0.08868869818812708,0.08868869818812708
outliers,0.3,0,WaveletVar,0.6034283861126122,-0.09657161388738777,0.09657161388738777
outliers,0.3,0,WaveletLogVar,0.5716910942238225,-0.12830890577617748,0.12830890577617748
outliers,0.3,0,WaveletWhittle,0.8940840254030288,0.19408402540302883,0.19408402540302883
outliers,0.3,0,MFDFA,0.07941952356858568,-0.6205804764314142,0.6205804764314142
outliers,0.3,0,WaveletLeaders,0.0033506728573141176,-0.6966493271426858,0.6966493271426858
outliers,0.3,1,R/S,0.6593122031811525,-0.04068779681884749,0.04068779681884749
outliers,0.3,1,DFA,0.5711960091368999,-0.12880399086310002,0.12880399086310002
outliers,0.3,1,DMA,0.5558863535762111,-0.14411364642378888,0.14411364642378888
outliers,0.3,1,Higuchi,0.6105753355396335,-0.08942466446036645,0.08942466446036645
outliers,0.3,1,GPH,0.7063362820732682,0.006336282073268196,0.006336282073268196
outliers,0.3,1,Whittle,0.558067191435815,-0.141932808564185,0.141932808564185
outliers,0.3,1,Periodogram,0.5806138456373159,-0.11938615436268407,0.11938615436268407
outliers,0.3,1,CWT,0.6113113018118729,-0.08868869818812708,0.08868869818812708
outliers,0.3,1,WaveletVar,0.6034283861126122,-0.09657161388738777,0.09657161388738777
outliers,0.3,1,WaveletLogVar,0.5716910942238225,-0.12830890577617748,0.12830890577617748
outliers,0.3,1,WaveletWhittle,0.8940840254030288,0.19408402540302883,0.19408402540302883
outliers,0.3,1,MFDFA,0.07941952356858568,-0.6205804764314142,0.6205804764314142
outliers,0.3,1,WaveletLeaders,0.0033506728573141176,-0.6966493271426858,0.6966493271426858
outliers,0.5,0,R/S,0.5706066075744747,-0.12939339242552528,0.12939339242552528
outliers,0.5,0,DFA,0.4832607809905848,-0.21673921900941517,0.21673921900941517
outliers,0.5,0,DMA,0.40733028452520764,-0.2926697154747923,0.2926697154747923
outliers,0.5,0,Higuchi,0.5244042976098242,-0.17559570239017575,0.17559570239017575
outliers,0.5,0,GPH,0.33042154392732415,-0.3695784560726758,0.3695784560726758
outliers,0.5,0,Whittle,0.5489165614505062,-0.1510834385494938,0.1510834385494938
outliers,0.5,0,Periodogram,0.4107855500440222,-0.2892144499559778,0.2892144499559778
outliers,0.5,0,CWT,0.6169799787682998,-0.08302002123170016,0.08302002123170016
outliers,0.5,0,WaveletVar,0.596412877482672,-0.10358712251732793,0.10358712251732793
outliers,0.5,0,WaveletLogVar,0.5668283141967854,-0.1331716858032146,0.1331716858032146
outliers,0.5,0,WaveletWhittle,1.0759306301905227,0.37593063019052275,0.37593063019052275
outliers,0.5,0,MFDFA,0.06982091644267398,-0.630179083557326,0.630179083557326
outliers,0.5,0,WaveletLeaders,0.011444802136276007,-0.688555197863724,0.688555197863724
outliers,0.5,1,R/S,0.5706066075744747,-0.12939339242552528,0.12939339242552528
outliers,0.5,1,DFA,0.4832607809905848,-0.21673921900941517,0.21673921900941517
outliers,0.5,1,DMA,0.40733028452520764,-0.2926697154747923,0.2926697154747923
outliers,0.5,1,Higuchi,0.5244042976098242,-0.17559570239017575,0.17559570239017575
outliers,0.5,1,GPH,0.33042154392732415,-0.3695784560726758,0.3695784560726758
outliers,0.5,1,Whittle,0.5489165614505062,-0.1510834385494938,0.1510834385494938
outliers,0.5,1,Periodogram,0.4107855500440222,-0.2892144499559778,0.2892144499559778
outliers,0.5,1,CWT,0.6169799787682998,-0.08302002123170016,0.08302002123170016
outliers,0.5,1,WaveletVar,0.596412877482672,-0.10358712251732793,0.10358712251732793
outliers,0.5,1,WaveletLogVar,0.5668283141967854,-0.1331716858032146,0.1331716858032146
outliers,0.5,1,WaveletWhittle,1.0759306301905227,0.37593063019052275,0.37593063019052275
outliers,0.5,1,MFDFA,0.06982091644267398,-0.630179083557326,0.630179083557326
outliers,0.5,1,WaveletLeaders,0.011444802136276007,-0.688555197863724,0.688555197863724
trend,0.0,0,R/S,0.7338582510133509,0.03385825101335094,0.03385825101335094
trend,0.0,0,DFA,0.690935139717018,-0.009064860282981924,0.009064860282981924
trend,0.0,0,DMA,0.6390347372526418,-0.06096526274735814,0.06096526274735814
trend,0.0,0,Higuchi,0.6873831611596157,-0.012616838840384226,0.012616838840384226
trend,0.0,0,GPH,0.7055849121841353,0.005584912184135371,0.005584912184135371
trend,0.0,0,Whittle,0.7013736500271163,0.0013736500271163132,0.0013736500271163132
trend,0.0,0,Periodogram,0.7030631416234279,0.003063141623427912,0.003063141623427912
trend,0.0,0,CWT,0.769069446614652,0.06906944661465209,0.06906944661465209
trend,0.0,0,WaveletVar,0.7593040795276892,0.059304079527689235,0.059304079527689235
trend,0.0,0,WaveletLogVar,0.6797358916323099,-0.020264108367690103,0.020264108367690103
trend,0.0,0,WaveletWhittle,0.5777870053737176,-0.12221299462628232,0.12221299462628232
trend,0.0,0,MFDFA,0.11768758361363539,-0.5823124163863646,0.5823124163863646
trend,0.0,0,WaveletLeaders,0.024199128328320857,-0.6758008716716791,0.6758008716716791
trend,0.0,1,R/S,0.7338582510133509,0.03385825101335094,0.03385825101335094
trend,0.0,1,DFA,0.690935139717018,-0.009064860282981924,0.009064860282981924
trend,0.0,1,DMA,0.6390347372526418,-0.06096526274735814,0.06096526274735814
trend,0.0,1,Higuchi,0.6873831611596157,-0.012616838840384226,0.012616838840384226
trend,0.0,1,GPH,0.7055849121841353,0.005584912184135371,0.005584912184135371
trend,0.0,1,Whittle,0.7013736500271163,0.0013736500271163132,0.0013736500271163132
trend,0.0,1,Periodogram,0.7030631416234279,0.003063141623427912,0.003063141623427912
trend,0.0,1,CWT,0.769069446614652,0.06906944661465209,0.06906944661465209
trend,0.0,1,WaveletVar,0.7593040795276892,0.059304079527689235,0.059304079527689235
trend,0.0,1,WaveletLogVar,0.6797358916323099,-0.020264108367690103,0.020264108367690103
trend,0.0,1,WaveletWhittle,0.5777870053737176,-0.12221299462628232,0.12221299462628232
trend,0.0,1,MFDFA,0.11768758361363539,-0.5823124163863646,0.5823124163863646
trend,0.0,1,WaveletLeaders,0.024199128328320857,-0.6758008716716791,0.6758008716716791
trend,0.1,0,R/S,0.7351119355764152,0.03511193557641523,0.03511193557641523
trend,0.1,0,DFA,0.6927739058661565,-0.0072260941338434526,0.0072260941338434526
trend,0.1,0,DMA,0.6285123510254375,-0.0714876489745625,0.0714876489745625
trend,0.1,0,Higuchi,0.6807465909592407,-0.01925340904075923,0.01925340904075923
trend,0.1,0,GPH,0.6251588690696087,-0.07484113093039124,0.07484113093039124
trend,0.1,0,Whittle,0.7009695808452617,0.0009695808452617749,0.0009695808452617749
trend,0.1,0,Periodogram,0.7028989518458302,0.002898951845830222,0.002898951845830222
trend,0.1,0,CWT,0.7682921445360216,0.06829214453602162,0.06829214453602162
trend,0.1,0,WaveletVar,0.7586465738514596,0.05864657385145966,0.05864657385145966
trend,0.1,0,WaveletLogVar,0.6792801434266291,-0.020719856573370832,0.020719856573370832
trend,0.1,0,WaveletWhittle,0.576819736199316,-0.12318026380068392,0.12318026380068392
trend,0.1,0,MFDFA,0.11768758361363509,-0.5823124163863649,0.5823124163863649
trend,0.1,0,WaveletLeaders,0.024231581799192006,-0.6757684182008079,0.6757684182008079
trend,0.1,1,R/S,0.7351119355764152,0.03511193557641523,0.03511193557641523
trend,0.1,1,DFA,0.6927739058661565,-0.0072260941338434526,0.0072260941338434526
trend,0.1,1,DMA,0.6285123510254375,-0.0714876489745625,0.0714876489745625
trend,0.1,1,Higuchi,0.6807465909592407,-0.01925340904075923,0.01925340904075923
trend,0.1,1,GPH,0.6251588690696087,-0.07484113093039124,0.07484113093039124
trend,0.1,1,Whittle,0.7009695808452617,0.0009695808452617749,0.0009695808452617749
trend,0.1,1,Periodogram,0.7028989518458302,0.002898951845830222,0.002898951845830222
trend,0.1,1,CWT,0.7682921445360216,0.06829214453602162,0.06829214453602162
trend,0.1,1,WaveletVar,0.7586465738514596,0.05864657385145966,0.05864657385145966
trend,0.1,1,WaveletLogVar,0.6792801434266291,-0.020719856573370832,0.020719856573370832
trend,0.1,1,WaveletWhittle,0.576819736199316,-0.12318026380068392,0.12318026380068392
trend,0.1,1,MFDFA,0.11768758361363509,-0.5823124163863649,0.5823124163863649
trend,0.1,1,WaveletLeaders,0.024231581799192006,-0.6757684182008079,0.6757684182008079
trend,0.3,0,R/S,0.7384307999386994,0.03843079993869947,0.03843079993869947
trend,0.3,0,DFA,0.6968709453729823,-0.0031290546270176245,0.0031290546270176245
trend,0.3,0,DMA,0.628716485269533,-0.0712835147304669,0.0712835147304669
trend,0.3,0,Higuchi,0.6725139287801214,-0.02748607121987856,0.02748607121987856
trend,0.3,0,GPH,0.4455175909033461,-0.25448240909665387,0.25448240909665387
trend,0.3,0,Whittle,0.700333065596954,0.0003330655969540075,0.0003330655969540075
trend,0.3,0,Periodogram,0.7026949084222819,0.0026949084222819275,0.0026949084222819275
trend,0.3,0,CWT,0.7670223397470013,0.06702233974700134,0.06702233974700134
trend,0.3,0,WaveletVar,0.7574906117257592,0.0574906117257592,0.0574906117257592
trend,0.3,0,WaveletLogVar,0.6784788915383657,-0.021521108461634242,0.021521108461634242
trend,0.3,0,WaveletWhittle,0.576819736199316,-0.12318026380068392,0.12318026380068392
trend,0.3,0,MFDFA,0.11768758361363509,-0.5823124163863649,0.5823124163863649
trend,0.3,0,WaveletLeaders,0.024582144925379662,-0.6754178550746203,0.6754178550746203
trend,0.3,1,R/S,0.7384307999386994,0.03843079993869947,0.03843079993869947
trend,0.3,1,DFA,0.6968709453729823,-0.0031290546270176245,0.0031290546270176245
trend,0.3,1,DMA,0.628716485269533,-0.0712835147304669,0.0712835147304669
trend,0.3,1,Higuchi,0.6725139287801214,-0.02748607121987856,0.02748607121987856
trend,0.3,1,GPH,0.4455175909033461,-0.25448240909665387,0.25448240909665387
trend,0.3,1,Whittle,0.700333065596954,0.0003330655969540075,0.0003330655969540075
trend,0.3,1,Periodogram,0.7026949084222819,0.0026949084222819275,0.0026949084222819275
trend,0.3,1,CWT,0.7670223397470013,0.06702233974700134,0.06702233974700134
trend,0.3,1,WaveletVar,0.7574906117257592,0.0574906117257592,0.0574906117257592
trend,0.3,1,WaveletLogVar,0.6784788915383657,-0.021521108461634242,0.021521108461634242
trend,0.3,1,WaveletWhittle,0.576819736199316,-0.12318026380068392,0.12318026380068392
trend,0.3,1,MFDFA,0.11768758361363509,-0.5823124163863649,0.5823124163863649
trend,0.3,1,WaveletLeaders,0.024582144925379662,-0.6754178550746203,0.6754178550746203
trend,0.5,0,R/S,0.7426440905160681,0.0426440905160681,0.0426440905160681
trend,0.5,0,DFA,0.7014812450336535,0.0014812450336535443,0.0014812450336535443
trend,0.5,0,DMA,0.6551031353055936,-0.044896864694406347,0.044896864694406347
trend,0.5,0,Higuchi,0.6728309294619759,-0.027169070538024087,0.027169070538024087
trend,0.5,0,GPH,0.5413980807157892,-0.15860191928421075,0.15860191928421075
trend,0.5,0,Whittle,0.6999280952737178,-7.190472628215705e-05,7.190472628215705e-05
trend,0.5,0,Periodogram,0.702656899377201,0.0026568993772010385,0.0026568993772010385
trend,0.5,0,CWT,0.7661511300775884,0.06615113007758844,0.06615113007758844
trend,0.5,0,WaveletVar,0.7565557911937526,0.05655579119375265,0.05655579119375265
trend,0.5,0,WaveletLogVar,0.6778309233222759,-0.022169076677724053,0.022169076677724053
trend,0.5,0,WaveletWhittle,0.5777870053737176,-0.12221299462628232,0.12221299462628232
trend,0.5,0,MFDFA,0.11768758361363586,-0.5823124163863641,0.5823124163863641
trend,0.5,0,WaveletLeaders,0.025185027464544468,-0.6748149725354555,0.6748149725354555
trend,0.5,1,R/S,0.7426440905160681,0.0426440905160681,0.0426440905160681
trend,0.5,1,DFA,0.7014812450336535,0.0014812450336535443,0.0014812450336535443
trend,0.5,1,DMA,0.6551031353055936,-0.044896864694406347,0.044896864694406347
trend,0.5,1,Higuchi,0.6728309294619759,-0.027169070538024087,0.027169070538024087
trend,0.5,1,GPH,0.5413980807157892,-0.15860191928421075,0.15860191928421075
trend,0.5,1,Whittle,0.6999280952737178,-7.190472628215705e-05,7.190472628215705e-05
trend,0.5,1,Periodogram,0.702656899377201,0.0026568993772010385,0.0026568993772010385
trend,0.5,1,CWT,0.7661511300775884,0.06615113007758844,0.06615113007758844
trend,0.5,1,WaveletVar,0.7565557911937526,0.05655579119375265,0.05655579119375265
trend,0.5,1,WaveletLogVar,0.6778309233222759,-0.022169076677724053,0.022169076677724053
trend,0.5,1,WaveletWhittle,0.5777870053737176,-0.12221299462628232,0.12221299462628232
trend,0.5,1,MFDFA,0.11768758361363586,-0.5823124163863641,0.5823124163863641
trend,0.5,1,WaveletLeaders,0.025185027464544468,-0.6748149725354555,0.6748149725354555
seasonal,0.0,0,R/S,0.7338582510133509,0.03385825101335094,0.03385825101335094
seasonal,0.0,0,DFA,0.690935139717018,-0.009064860282981924,0.009064860282981924
seasonal,0.0,0,DMA,0.6390347372526418,-0.06096526274735814,0.06096526274735814
seasonal,0.0,0,Higuchi,0.6873831611596157,-0.012616838840384226,0.012616838840384226
seasonal,0.0,0,GPH,0.7055849121841353,0.005584912184135371,0.005584912184135371
seasonal,0.0,0,Whittle,0.7013736500271163,0.0013736500271163132,0.0013736500271163132
seasonal,0.0,0,Periodogram,0.7030631416234279,0.003063141623427912,0.003063141623427912
seasonal,0.0,0,CWT,0.769069446614652,0.06906944661465209,0.06906944661465209
seasonal,0.0,0,WaveletVar,0.7593040795276892,0.059304079527689235,0.059304079527689235
seasonal,0.0,0,WaveletLogVar,0.6797358916323099,-0.020264108367690103,0.020264108367690103
seasonal,0.0,0,WaveletWhittle,0.5777870053737176,-0.12221299462628232,0.12221299462628232
seasonal,0.0,0,MFDFA,0.11768758361363539,-0.5823124163863646,0.5823124163863646
seasonal,0.0,0,WaveletLeaders,0.024199128328320857,-0.6758008716716791,0.6758008716716791
seasonal,0.0,1,R/S,0.7338582510133509,0.03385825101335094,0.03385825101335094
seasonal,0.0,1,DFA,0.690935139717018,-0.009064860282981924,0.009064860282981924
seasonal,0.0,1,DMA,0.6390347372526418,-0.06096526274735814,0.06096526274735814
seasonal,0.0,1,Higuchi,0.6873831611596157,-0.012616838840384226,0.012616838840384226
seasonal,0.0,1,GPH,0.7055849121841353,0.005584912184135371,0.005584912184135371
seasonal,0.0,1,Whittle,0.7013736500271163,0.0013736500271163132,0.0013736500271163132
seasonal,0.0,1,Periodogram,0.7030631416234279,0.003063141623427912,0.003063141623427912
seasonal,0.0,1,CWT,0.769069446614652,0.06906944661465209,0.06906944661465209
seasonal,0.0,1,WaveletVar,0.7593040795276892,0.059304079527689235,0.059304079527689235
seasonal,0.0,1,WaveletLogVar,0.6797358916323099,-0.020264108367690103,0.020264108367690103
seasonal,0.0,1,WaveletWhittle,0.5777870053737176,-0.12221299462628232,0.12221299462628232
seasonal,0.0,1,MFDFA,0.11768758361363539,-0.5823124163863646,0.5823124163863646
seasonal,0.0,1,WaveletLeaders,0.024199128328320857,-0.6758008716716791,0.6758008716716791
seasonal,0.1,0,R/S,0.724573798644449,0.024573798644449085,0.024573798644449085
seasonal,0.1,0,DFA,0.6615785058731046,-0.03842149412689533,0.03842149412689533
seasonal,0.1,0,DMA,0.6207062149885327,-0.07929378501146722,0.07929378501146722
seasonal,0.1,0,Higuchi,0.6807970418506344,-0.019202958149365568,0.019202958149365568
seasonal,0.1,0,GPH,0.67927205212368,-0.02072794787631993,0.02072794787631993
seasonal,0.1,0,Whittle,0.7013736500271646,0.001373650027164608,0.001373650027164608
seasonal,0.1,0,Periodogram,0.6800073116051297,-0.01999268839487023,0.01999268839487023
seasonal,0.1,0,CWT,0.769010198113625,0.06901019811362508,0.06901019811362508
seasonal,0.1,0,WaveletVar,0.7637031825025205,0.0637031825025205,0.0637031825025205
seasonal,0.1,0,WaveletLogVar,0.682785117456307,-0.017214882543692966,0.017214882543692966
seasonal,0.1,0,WaveletWhittle,0.576819736199316,-0.12318026380068392,0.12318026380068392
seasonal,0.1,0,MFDFA,0.11767794436242891,-0.582322055637571,0.582322055637571
seasonal,0.1,0,WaveletLeaders,0.0237534239537084,-0.6762465760462916,0.6762465760462916
seasonal,0.1,1,R/S,0.724573798644449,0.024573798644449085,0.024573798644449085
seasonal,0.1,1,DFA,0.6615785058731046,-0.03842149412689533,0.03842149412689533
seasonal,0.1,1,DMA,0.6207062149885327,-0.07929378501146722,0.07929378501146722
seasonal,0.1,1,Higuchi,0.6807970418506344,-0.019202958149365568,0.019202958149365568
seasonal,0.1,1,GPH,0.67927205212368,-0.02072794787631993,0.02072794787631993
seasonal,0.1,1,Whittle,0.7013736500271646,0.001373650027164608,0.001373650027164608
seasonal,0.1,1,Periodogram,0.6800073116051297,-0.01999268839487023,0.01999268839487023
seasonal,0.1,1,CWT,0.769010198113625,0.06901019811362508,0.06901019811362508
seasonal,0.1,1,WaveletVar,0.7637031825025205,0.0637031825025205,0.0637031825025205
seasonal,0.1,1,WaveletLogVar,0.682785117456307,-0.017214882543692966,0.017214882543692966
seasonal,0.1,1,WaveletWhittle,0.576819736199316,-0.12318026380068392,0.12318026380068392
seasonal,0.1,1,MFDFA,0.11767794436242891,-0.582322055637571,0.582322055637571
seasonal,0.1,1,WaveletLeaders,0.0237534239537084,-0.6762465760462916,0.6762465760462916
seasonal,0.3,0,R/S,0.7582736898792131,0.05827368987921311,0.05827368987921311
seasonal,0.3,0,DFA,0.7112866081199855,0.011286608119985497,0.011286608119985497
seasonal,0.3,0,DMA,0.6298356866780638,-0.07016431332193618,0.07016431332193618
seasonal,0.3,0,Higuchi,0.6977616786730263,-0.002238321326973658,0.002238321326973658
seasonal,0.3,0,GPH,0.712526527230855,0.012526527230855011,0.012526527230855011
seasonal,0.3,0,Whittle,0.7013736500271367,0.0013736500271367413,0.0013736500271367413
seasonal,0.3,0,Periodogram,0.6768835443096051,-0.023116455690394888,0.023116455690394888
seasonal,0.3,0,CWT,0.7689031003954305,0.06890310039543057,0.06890310039543057
seasonal,0.3,0,WaveletVar,0.7731041546304909,0.07310415463049091,0.07310415463049091
seasonal,0.3,0,WaveletLogVar,0.6893013747813324,-0.010698625218667601,0.010698625218667601
seasonal,0.3,0,WaveletWhittle,0.5806888128969223,-0.11931118710307764,0.11931118710307764
seasonal,0.3,0,MFDFA,0.11767623265634708,-0.5823237673436529,0.5823237673436529
seasonal,0.3,0,WaveletLeaders,0.03201029335228263,-0.6679897066477173,0.6679897066477173
seasonal,0.3,1,R/S,0.7582736898792131,0.05827368987921311,0.05827368987921311
seasonal,0.3,1,DFA,0.7112866081199855,0.011286608119985497,0.011286608119985497
seasonal,0.3,1,DMA,0.6298356866780638,-0.07016431332193618,0.07016431332193618
seasonal,0.3,1,Higuchi,0.6977616786730263,-0.002238321326973658,0.002238321326973658
seasonal,0.3,1,GPH,0.712526527230855,0.012526527230855011,0.012526527230855011
seasonal,0.3,1,Whittle,0.7013736500271367,0.0013736500271367413,0.0013736500271367413
seasonal,0.3,1,Periodogram,0.6768835443096051,-0.023116455690394888,0.023116455690394888
seasonal,0.3,1,CWT,0.7689031003954305,0.06890310039543057,0.06890310039543057
seasonal,0.3,1,WaveletVar,0.7731041546304909,0.07310415463049091,0.07310415463049091
seasonal,0.3,1,WaveletLogVar,0.6893013747813324,-0.010698625218667601,0.010698625218667601
seasonal,0.3,1,WaveletWhittle,0.5806888128969223,-0.11931118710307764,0.11931118710307764
seasonal,0.3,1,MFDFA,0.11767623265634708,-0.5823237673436529,0.5823237673436529
seasonal,0.3,1,WaveletLeaders,0.03201029335228263,-0.6679897066477173,0.6679897066477173
seasonal,0.5,0,R/S,0.8345397453833922,0.1345397453833922,0.1345397453833922
seasonal,0.5,0,DFA,0.8244485690603474,0.1244485690603474,0.1244485690603474
seasonal,0.5,0,DMA,0.680370116829701,-0.0196298831702989,0.0196298831702989
seasonal,0.5,0,Higuchi,0.7406332130590472,0.04063321305904721,0.04063321305904721
seasonal,0.5,0,GPH,0.751551271178234,0.05155127117823399,0.05155127117823399
seasonal,0.5,0,Whittle,0.701373650027136,0.0013736500271360752,0.0013736500271360752
seasonal,0.5,0,Periodogram,0.7270882853139562,0.02708828531395624,0.02708828531395624
seasonal,0.5,0,CWT,0.7688110435204569,0.06881104352045697,0.06881104352045697
seasonal,0.5,0,WaveletVar,0.7831300551864323,0.08313005518643235,0.08313005518643235
seasonal,0.5,0,WaveletLogVar,0.6962507994842575,-0.003749200515742457,0.003749200515742457
seasonal,0.5,0,WaveletWhittle,0.5893942354665364,-0.1106057645334636,0.1106057645334636
seasonal,0.5,0,MFDFA,0.11769795865926135,-0.5823020413407386,0.5823020413407386
seasonal,0.5,0,WaveletLeaders,0.03954046554642707,-0.6604595344535729,0.6604595344535729
seasonal,0.5,1,R/S,0.8345397453833922,0.1345397453833922,0.1345397453833922
seasonal,0.5,1,DFA,0.8244485690603474,0.1244485690603474,0.1244485690603474
seasonal,0.5,1,DMA,0.680370116829701,-0.0196298831702989,0.0196298831702989
seasonal,0.5,1,Higuchi,0.7406332130590472,0.04063321305904721,0.04063321305904721
seasonal,0.5,1,GPH,0.751551271178234,0.05155127117823399,0.05155127117823399
seasonal,0.5,1,Whittle,0.701373650027136,0.0013736500271360752,0.0013736500271360752
seasonal,0.5,1,Periodogram,0.7270882853139562,0.02708828531395624,0.02708828531395624
seasonal,0.5,1,CWT,0.7688110435204569,0.06881104352045697,0.06881104352045697
seasonal,0.5,1,WaveletVar,0.7831300551864323,0.08313005518643235,0.08313005518643235
seasonal,0.5,1,WaveletLogVar,0.6962507994842575,-0.003749200515742457,0.003749200515742457
seasonal,0.5,1,WaveletWhittle,0.5893942354665364,-0.1106057645334636,0.1106057645334636
seasonal,0.5,1,MFDFA,0.11769795865926135,-0.5823020413407386,0.5823020413407386
seasonal,0.5,1,WaveletLeaders,0.03954046554642707,-0.6604595344535729,0.6604595344535729
missing_data,0.0,0,R/S,0.7338582510133509,0.03385825101335094,0.03385825101335094
missing_data,0.0,0,DFA,0.690935139717018,-0.009064860282981924,0.009064860282981924
missing_data,0.0,0,DMA,0.6390347372526418,-0.06096526274735814,0.06096526274735814
missing_data,0.0,0,Higuchi,0.6873831611596157,-0.012616838840384226,0.012616838840384226
missing_data,0.0,0,GPH,0.7055849121841353,0.005584912184135371,0.005584912184135371
missing_data,0.0,0,Whittle,0.7013736500271163,0.0013736500271163132,0.0013736500271163132
missing_data,0.0,0,Periodogram,0.7030631416234279,0.003063141623427912,0.003063141623427912
missing_data,0.0,0,CWT,0.769069446614652,0.06906944661465209,0.06906944661465209
missing_data,0.0,0,WaveletVar,0.7593040795276892,0.059304079527689235,0.059304079527689235
missing_data,0.0,0,WaveletLogVar,0.6797358916323099,-0.020264108367690103,0.020264108367690103
missing_data,0.0,0,WaveletWhittle,0.5777870053737176,-0.12221299462628232,0.12221299462628232
missing_data,0.0,0,MFDFA,0.11768758361363539,-0.5823124163863646,0.5823124163863646
missing_data,0.0,0,WaveletLeaders,0.024199128328320857,-0.6758008716716791,0.6758008716716791
missing_data,0.0,1,R/S,0.7338582510133509,0.03385825101335094,0.03385825101335094
missing_data,0.0,1,DFA,0.690935139717018,-0.009064860282981924,0.009064860282981924
missing_data,0.0,1,DMA,0.6390347372526418,-0.06096526274735814,0.06096526274735814
missing_data,0.0,1,Higuchi,0.6873831611596157,-0.012616838840384226,0.012616838840384226
missing_data,0.0,1,GPH,0.7055849121841353,0.005584912184135371,0.005584912184135371
missing_data,0.0,1,Whittle,0.7013736500271163,0.0013736500271163132,0.0013736500271163132
missing_data,0.0,1,Periodogram,0.7030631416234279,0.003063141623427912,0.003063141623427912
missing_data,0.0,1,CWT,0.769069446614652,0.06906944661465209,0.06906944661465209
missing_data,0.0,1,WaveletVar,0.7593040795276892,0.059304079527689235,0.059304079527689235
missing_data,0.0,1,WaveletLogVar,0.6797358916323099,-0.020264108367690103,0.020264108367690103
missing_data,0.0,1,WaveletWhittle,0.5777870053737176,-0.12221299462628232,0.12221299462628232
missing_data,0.0,1,MFDFA,0.11768758361363539,-0.5823124163863646,0.5823124163863646
missing_data,0.0,1,WaveletLeaders,0.024199128328320857,-0.6758008716716791,0.6758008716716791
missing_data,0.1,0,R/S,0.7435796337038285,0.04357963370382856,0.04357963370382856
missing_data,0.1,0,DFA,0.7034376972889431,0.0034376972889431645,0.0034376972889431645
missing_data,0.1,0,DMA,0.6237728414141824,-0.07622715858581752,0.07622715858581752
missing_data,0.1,0,Higuchi,0.6998430788074916,-0.00015692119250831915,0.00015692119250831915
missing_data,0.1,0,GPH,0.602620767501336,-0.09737923249866398,0.09737923249866398
missing_data,0.1,0,Whittle,0.7494856616290981,0.04948566162909818,0.04948566162909818
missing_data,0.1,0,Periodogram,0.7046774694680632,0.0046774694680632445,0.0046774694680632445
missing_data,0.1,0,CWT,0.8053006805284948,0.10530068052849484,0.10530068052849484
missing_data,0.1,0,WaveletVar,0.7852384563650728,0.08523845636507288,0.08523845636507288
missing_data,0.1,0,WaveletLogVar,0.6977122318167215,-0.0022877681832784713,0.0022877681832784713
missing_data,0.1,0,WaveletWhittle,0.5806888128969223,-0.11931118710307764,0.11931118710307764
missing_data,0.1,0,MFDFA,0.12792566033179129,-0.5720743396682086,0.5720743396682086
missing_data,0.1,0,WaveletLeaders,0.02625255280533358,-0.6737474471946664,0.6737474471946664
missing_data,0.1,1,R/S,0.7435796337038285,0.04357963370382856,0.04357963370382856
missing_data,0.1,1,DFA,0.7034376972889431,0.0034376972889431645,0.0034376972889431645
missing_data,0.1,1,DMA,0.6237728414141824,-0.07622715858581752,0.07622715858581752
missing_data,0.1,1,Higuchi,0.6998430788074916,-0.00015692119250831915,0.00015692119250831915
missing_data,0.1,1,GPH,0.602620767501336,-0.09737923249866398,0.09737923249866398
missing_data,0.1,1,Whittle,0.7494856616290981,0.04948566162909818,0.04948566162909818
missing_data,0.1,1,Periodogram,0.7046774694680632,0.0046774694680632445,0.0046774694680632445
missing_data,0.1,1,CWT,0.8053006805284948,0.10530068052849484,0.10530068052849484
missing_data,0.1,1,WaveletVar,0.7852384563650728,0.08523845636507288,0.08523845636507288
missing_data,0.1,1,WaveletLogVar,0.6977122318167215,-0.0022877681832784713,0.0022877681832784713
missing_data,0.1,1,WaveletWhittle,0.5806888128969223,-0.11931118710307764,0.11931118710307764
missing_data,0.1,1,MFDFA,0.12792566033179129,-0.5720743396682086,0.5720743396682086
missing_data,0.1,1,WaveletLeaders,0.02625255280533358,-0.6737474471946664,0.6737474471946664
missing_data,0.3,0,R/S,0.7461985717552251,0.046198571755225126,0.046198571755225126
missing_data,0.3,0,DFA,0.7138573614924708,0.013857361492470854,0.013857361492470854
missing_data,0.3,0,DMA,0.6407437227593257,-0.05925627724067428,0.05925627724067428
missing_data,0.3,0,Higuchi,0.7096151957164016,0.009615195716401681,0.009615195716401681
missing_data,0.3,0,GPH,0.6112301399147521,-0.0887698600852479,0.0887698600852479
missing_data,0.3,0,Whittle,0.9041406271201388,0.2041406271201388,0.2041406271201388
missing_data,0.3,0,Periodogram,0.665257025302948,-0.03474297469705201,0.03474297469705201
missing_data,0.3,0,CWT,0.8587866230476594,0.15878662304765945,0.15878662304765945
missing_data,0.3,0,WaveletVar,0.8211387396139629,0.12113873961396293,0.12113873961396293
missing_data,0.3,0,WaveletLogVar,0.7225964119319932,0.022596411931993243,0.022596411931993243
missing_data,0.3,0,WaveletWhittle,0.574885197850513,-0.125114802149487,0.125114802149487
missing_data,0.3,0,MFDFA,0.17118996853327484,-0.5288100314667251,0.5288100314667251
missing_data,0.3,0,WaveletLeaders,0.028126629271577122,-0.6718733707284228,0.6718733707284228
missing_data,0.3,1,R/S,0.7461985717552251,0.046198571755225126,0.046198571755225126
missing_data,0.3,1,DFA,0.7138573614924708,0.013857361492470854,0.013857361492470854
missing_data,0.3,1,DMA,0.6407437227593257,-0.05925627724067428,0.05925627724067428
missing_data,0.3,1,Higuchi,0.7096151957164016,0.009615195716401681,0.009615195716401681
missing_data,0.3,1,GPH,0.6112301399147521,-0.0887698600852479,0.0887698600852479
missing_data,0.3,1,Whittle,0.9041406271201388,0.2041406271201388,0.2041406271201388
missing_data,0.3,1,Periodogram,0.665257025302948,-0.03474297469705201,0.03474297469705201
missing_data,0.3,1,CWT,0.8587866230476594,0.15878662304765945,0.15878662304765945
missing_data,0.3,1,WaveletVar,0.8211387396139629,0.12113873961396293,0.12113873961396293
missing_data,0.3,1,WaveletLogVar,0.7225964119319932,0.022596411931993243,0.022596411931993243
missing_data,0.3,1,WaveletWhittle,0.574885197850513,-0.125114802149487,0.125114802149487
missing_data,0.3,1,MFDFA,0.17118996853327484,-0.5288100314667251,0.5288100314667251
missing_data,0.3,1,WaveletLeaders,0.028126629271577122,-0.6718733707284228,0.6718733707284228
missing_data,0.5,0,R/S,0.7460475999581346,0.04604759995813468,0.04604759995813468
missing_data,0.5,0,DFA,0.7395956008336484,0.03959560083364844,0.03959560083364844
missing_data,0.5,0,DMA,0.6474486386879956,-0.05255136131200433,0.05255136131200433
missing_data,0.5,0,Higuchi,0.788404288256408,0.088404288256408,0.088404288256408
missing_data,0.5,0,GPH,0.7057466438595754,0.005746643859575462,0.005746643859575462
missing_data,0.5,0,Whittle,0.9899941583562332,0.2899941583562332,0.2899941583562332
missing_data,0.5,0,Periodogram,0.7628305933245916,0.06283059332459162,0.06283059332459162
missing_data,0.5,0,CWT,0.9747381125698126,0.2747381125698126,0.2747381125698126
missing_data,0.5,0,WaveletVar,0.9588662065471241,0.2588662065471241,0.2588662065471241
missing_data,0.5,0,WaveletLogVar,0.8180618173223768,0.11806181732237686,0.11806181732237686
missing_data,0.5,0,WaveletWhittle,0.568114313629702,-0.13188568637029796,0.13188568637029796
missing_data,0.5,0,MFDFA,0.26580600705900254,-0.4341939929409974,0.4341939929409974
missing_data,0.5,0,WaveletLeaders,0.02792749070842698,-0.672072509291573,0.672072509291573
missing_data,0.5,1,R/S,0.7460475999581346,0.04604759995813468,0.04604759995813468
missing_data,0.5,1,DFA,0.7395956008336484,0.03959560083364844,0.03959560083364844
missing_data,0.5,1,DMA,0.6474486386879956,-0.05255136131200433,0.05255136131200433
missing_data,0.5,1,Higuchi,0.788404288256408,0.088404288256408,0.088404288256408
missing_data,0.5,1,GPH,0.7057466438595754,0.005746643859575462,0.005746643859575462
missing_data,0.5,1,Whittle,0.9899941583562332,0.2899941583562332,0.2899941583562332
missing_data,0.5,1,Periodogram,0.7628305933245916,0.06283059332459162,0.06283059332459162
missing_data,0.5,1,CWT,0.9747381125698126,0.2747381125698126,0.2747381125698126
missing_data,0.5,1,WaveletVar,0.9588662065471241,0.2588662065471241,0.2588662065471241
missing_data,0.5,1,WaveletLogVar,0.8180618173223768,0.11806181732237686,0.11806181732237686
missing_data,0.5,1,WaveletWhittle,0.568114313629702,-0.13188568637029796,0.13188568637029796
missing_data,0.5,1,MFDFA,0.26580600705900254,-0.4341939929409974,0.4341939929409974
missing_data,0.5,1,WaveletLeaders,0.02792749070842698,-0.672072509291573,0.672072509291573
